﻿Name,Displays on Pages:,AI summary,AI summary 1,Description,Published?,URL,super:Link
RetroPitches,"RetroPGF, cignals, games, public goods games","RetroPitches are engaging competitions where applicants present their projects, and participants rank their pitches. These events aim to promote public goods creators and are shared on social media for broader awareness.","RetroPitches is an engaging platform designed to foster creativity and collaboration among RetroPGF applicants. This blog post explores the concept of RetroPitches, highlighting how these fun and friendly competitions allow participants to showcase their innovative projects. By presenting their ideas, applicants not only gain valuable feedback but also the opportunity to rank their pitches among peers. Join us as we delve into the exciting world of RetroPitches and discover how they contribute to the public goods community.","Fun, friendly competitions where RetroPGF applicants present their projects and participants rank their pitches!",Yes,,
The History and Future of RetroPitches,"RetroPitches, cignals, games, public goods games",RetroPitches is a consensus game designed for Optimists to collaborate and promote their RetroPGF projects while fostering the principles of Optimism. The game encourages cooperative competition among participants to enhance public goods initiatives.,"In this blog post, we delve into the intriguing world of RetroPitches, a unique consensus game designed to foster collaboration among Optimists as they work together to promote their RetroPGF projects. This exploration highlights the innovative mechanics of RetroPitches and its potential impact on the growth of Optimism within the community. By examining its history and envisioning its future, we aim to shed light on how games like RetroPitches can enhance collective engagement and support the development of public goods.","An exploration of RetroPitches, a consensus game where Optimists coopete to promote their RetroPGF projects and grow Optimism.",Yes,,https://optimystics.io/exploringretropitches
Public Goods Games,"Cagendas, Octant, Optimism Town Hall, Our Fractal Journey to Optimism, Respect, Respect Game, RetroPitches, cignals, games, optopics","This document discusses Public Goods Games, a concept that fosters collaboration and coordination among creators to support the Optimism Collective. It highlights various games, their purposes, and how they can help promote public goods and engage communities.","In this blog post, we explore the innovative concept of Public Goods Games, designed to foster collaboration and creativity within the Optimism Collective. Similar to the Olympic Games, these tournaments invite talented creators to compete, collaborate, and contribute towards the common good, enhancing community engagement and public goods development. We delve into various aspects, including the mechanics of the Respect Game, the exciting format of RetroPitches, and how these games can empower individuals and communities alike. Join us as we uncover the potential of these games to create meaningful impact and promote a thriving ecosystem for public goods creation.","Imagine epic tournaments where talented creators compete, collaborate, and coordinate to help the Optimism Collective. Like the Olympic Games, but for creating public goods. ",Yes,,
The Respect Game,"Cagendas, Fractal App, Octant, Optimism Town Hall, Our Fractal Journey to Optimism, RetroPitches, Tools, cignals, enhancing retropgf, public goods games","The Respect Game is an onchain social game designed to foster community growth by allowing participants to share, rank, and earn respect for their contributions. It promotes collaborative engagement and recognizes individual efforts within the Optimism network.","The Respect Game is an innovative onchain social game designed to foster community growth and engagement. This blog post delves into the mechanics of the game, outlining how participants can contribute, rank each other's efforts, and earn respect points based on their contributions to the Optimism community. It emphasizes the importance of collaboration, transparency, and recognition within the community, showcasing how the Respect Game operates on the principles of consensus and collective participation. Whether you're a seasoned player or new to the concept, this overview will guide you through the core elements of the Respect Game and highlight the benefits of joining in on the fun.",The Respect Game is an onchain social game that anyone can play to grow their community. This profoundly helpful consensus game is at the heart of Optimism Fractal and our work at Optimystics.,Yes,,
Enhancing RetroPGF with Optimism Fractal,"RetroPGF, cignals, public goods games","This document discusses how Optimism Fractal can enhance RetroPGF by relieving burdens from badgeholders, raising awareness for public goods creators, and fairly rewarding the Optimism Collective's impact. It invites readers to engage with related resources and events to learn more about the benefits of this collaboration.","In this blog post, we delve into the potential of Optimism Fractal to enhance RetroPGF, a framework aimed at supporting public goods creators. We discuss various strategies through which Optimism Fractal can alleviate challenges faced by badgeholders, increase visibility for creators of public goods, and ensure that the Optimism Collective effectively rewards impactful contributions. This exploration not only highlights the synergy between these two initiatives but also aims to inspire collaboration and innovation within the community. Join us as we uncover the ways in which Optimism Fractal can drive meaningful change and support the growth of public goods initiatives.","How can Optimism Fractal enhance RetroPGF? We explore several ways that Optimism Fractal can relieve burden from badgeholders, raise awareness public goods creators, and help the Optimism Collective fairly reward impact 🔴 ✨",Yes,,
Optimystics Tools,"Firmament, Fractal App, Fractalgram, ORDAO, Octant, Our Fractal Journey to Optimism, Respect, Respect Game, RetroPitches, cignals, citizens' house, contribution measurement, enhancing retropgf, impact evaluation, missions, public goods games, token house","The document outlines the tools and initiatives developed by Optimystics to empower communities through open-source software, particularly focusing on the Respect Game and fractal cooperation. It includes details on software applications, community engagement, and collaborative decision-making processes within the Optimism Fractal ecosystem.","In this blog post, we explore the innovative tools developed by Optimystics, aimed at empowering communities through open-source software and consensus games on the OP Stack. The focus is on enhancing human coordination and recognizing the contributions of public goods creators. We delve into the foundational concepts behind the Respect Game and fractal cooperation, highlighting how these tools facilitate effective collaboration and decision-making within various communities. Additionally, we discuss the ongoing development of applications and features designed to optimize community engagement and governance, showcasing the potential benefits for organizations utilizing these resources. Join us as we navigate through the impactful initiatives that are shaping the future of collaborative governance and community empowerment.","We build open-source tools for anyone to empower their community with consensus games on the OP Stack. We aim to improve human coordination and award public goods creators with Optimism. ",Yes,,