﻿Name,Displays on Pages:,AI summary,AI summary 1,Description,Published?,URL,super:Link
The Respect Game,"Cagendas, Fractal App, Octant, Optimism Town Hall, Our Fractal Journey to Optimism, RetroPitches, Tools, cignals, enhancing retropgf, public goods games","The Respect Game is an onchain social game designed to foster community growth by allowing participants to share, rank, and earn respect for their contributions. It promotes collaborative engagement and recognizes individual efforts within the Optimism network.","The Respect Game is an innovative onchain social game designed to foster community growth and engagement. This blog post delves into the mechanics of the game, outlining how participants can contribute, rank each other's efforts, and earn respect points based on their contributions to the Optimism community. It emphasizes the importance of collaboration, transparency, and recognition within the community, showcasing how the Respect Game operates on the principles of consensus and collective participation. Whether you're a seasoned player or new to the concept, this overview will guide you through the core elements of the Respect Game and highlight the benefits of joining in on the fun.",The Respect Game is an onchain social game that anyone can play to grow their community. This profoundly helpful consensus game is at the heart of Optimism Fractal and our work at Optimystics.,Yes,,
Cagendas,"Optimism Town Hall, Respect, Respect Game, Tools, games, optopics, public goods games","Cagendas is a collaborative social coordination game designed to empower community members to propose, discuss, and vote on topics using reputation tokens. It aims to enhance democratic engagement and effective decision-making within communities, particularly during events like Optimism Town Hall.","In this blog post, we introduce Cagendas, an innovative social coordination game designed to enhance community engagement and collaborative agenda setting. Cagendas empowers community members to propose, discuss, and vote on crucial topics, fostering a democratic environment that values every voice. By utilizing reputation tokens, participants can actively influence the discussion topics at weekly events held at Optimism Town Hall. This post explores the game’s rules, development process, and various modes of play, highlighting its potential to revolutionize how communities prioritize discussions and make collective decisions. Join us as we delve into the exciting world of Cagendas and discover how you can get involved in shaping the future of community coordination.","A social coordination game for collaborative agenda setting that empowers community members to propose, discuss, and vote on topics with Respect",Yes,,
A History of Fractal Communities,"Intro to Optimism, Octant, Respect, Respect Game, Roots of Optimism Fractal, public goods games","This document explores the history and development of fractal communities, particularly focusing on the Optimism Fractal initiative, which aims to foster collaboration and public good creation through innovative governance processes. It outlines the contributions of key figures in the field and highlights the potential benefits of these communities for collective growth and cooperation.","This blog post delves into the rich history and evolution of fractal communities, culminating in the formation of Optimism Fractal. It highlights the foundational concepts and key figures that have shaped the development of fractal democracy, including the pioneering work of Daniel Larimer. The article explores how these communities have thrived through innovative frameworks and collaborative practices, emphasizing the profound benefits they offer to participants and the broader ecosystem. Readers will gain insights into the journey of fractal communities, their successes, challenges, and the exciting future that lies ahead as they continue to foster cooperation and public good creation.",Explore the history of fractal communities that led to Optimism Fractal with hundreds of builders for over three years. This article provides an overview of our past work and how these fractal innovations can create profound benefits for all.,Yes,,
OPTOPICS,"Cagendas, Optimism Town Hall, Tools, games, public goods games",OPTOPICS is an innovative community agenda game designed to enhance discussions at the Optimism Town Hall by allowing participants to propose and vote on topics dynamically. It leverages the Respect framework to create a structured yet flexible environment for community engagement and decision-making.,"In this blog post, we introduce OPTOPICS, an innovative Cagendas game designed to enhance community engagement during events at Optimism Town Hall. OPTOPICS empowers participants to propose, vote on, and dynamically coordinate discussion topics, ensuring that the most relevant issues are addressed in real-time. By leveraging the principles of Respect from Optimism Fractal, this game promotes a more interactive and productive environment for discussions. We will explore the mechanics of how to play OPTOPICS, its developmental history, benefits, and how individuals can get involved in this collaborative community initiative.","An innovative Cagendas game that enables community members to propose, vote, and dynamically coordinate discussion topics during events. ",Yes,,
RetroPitches,"RetroPGF, cignals, games, public goods games","RetroPitches are engaging competitions where applicants present their projects, and participants rank their pitches. These events aim to promote public goods creators and are shared on social media for broader awareness.","RetroPitches is an engaging platform designed to foster creativity and collaboration among RetroPGF applicants. This blog post explores the concept of RetroPitches, highlighting how these fun and friendly competitions allow participants to showcase their innovative projects. By presenting their ideas, applicants not only gain valuable feedback but also the opportunity to rank their pitches among peers. Join us as we delve into the exciting world of RetroPitches and discover how they contribute to the public goods community.","Fun, friendly competitions where RetroPGF applicants present their projects and participants rank their pitches!",Yes,,
The History and Future of RetroPitches,"RetroPitches, cignals, games, public goods games",RetroPitches is a consensus game designed for Optimists to collaborate and promote their RetroPGF projects while fostering the principles of Optimism. The game encourages cooperative competition among participants to enhance public goods initiatives.,"In this blog post, we delve into the intriguing world of RetroPitches, a unique consensus game designed to foster collaboration among Optimists as they work together to promote their RetroPGF projects. This exploration highlights the innovative mechanics of RetroPitches and its potential impact on the growth of Optimism within the community. By examining its history and envisioning its future, we aim to shed light on how games like RetroPitches can enhance collective engagement and support the development of public goods.","An exploration of RetroPitches, a consensus game where Optimists coopete to promote their RetroPGF projects and grow Optimism.",Yes,,https://optimystics.io/exploringretropitches
Enhancing RetroPGF with Optimism Fractal,"RetroPGF, cignals, public goods games","This document discusses how Optimism Fractal can enhance RetroPGF by relieving burdens from badgeholders, raising awareness for public goods creators, and fairly rewarding the Optimism Collective's impact. It invites readers to engage with related resources and events to learn more about the benefits of this collaboration.","In this blog post, we delve into the potential of Optimism Fractal to enhance RetroPGF, a framework aimed at supporting public goods creators. We discuss various strategies through which Optimism Fractal can alleviate challenges faced by badgeholders, increase visibility for creators of public goods, and ensure that the Optimism Collective effectively rewards impactful contributions. This exploration not only highlights the synergy between these two initiatives but also aims to inspire collaboration and innovation within the community. Join us as we uncover the ways in which Optimism Fractal can drive meaningful change and support the growth of public goods initiatives.","How can Optimism Fractal enhance RetroPGF? We explore several ways that Optimism Fractal can relieve burden from badgeholders, raise awareness public goods creators, and help the Optimism Collective fairly reward impact 🔴 ✨",Yes,,
Optimystics Tools,"Firmament, Fractal App, Fractalgram, ORDAO, Octant, Our Fractal Journey to Optimism, Respect, Respect Game, RetroPitches, cignals, citizens' house, contribution measurement, enhancing retropgf, impact evaluation, missions, public goods games, token house","The document outlines the tools and initiatives developed by Optimystics to empower communities through open-source software, particularly focusing on the Respect Game and fractal cooperation. It includes details on software applications, community engagement, and collaborative decision-making processes within the Optimism Fractal ecosystem.","In this blog post, we explore the innovative tools developed by Optimystics, aimed at empowering communities through open-source software and consensus games on the OP Stack. The focus is on enhancing human coordination and recognizing the contributions of public goods creators. We delve into the foundational concepts behind the Respect Game and fractal cooperation, highlighting how these tools facilitate effective collaboration and decision-making within various communities. Additionally, we discuss the ongoing development of applications and features designed to optimize community engagement and governance, showcasing the potential benefits for organizations utilizing these resources. Join us as we navigate through the impactful initiatives that are shaping the future of collaborative governance and community empowerment.","We build open-source tools for anyone to empower their community with consensus games on the OP Stack. We aim to improve human coordination and award public goods creators with Optimism. ",Yes,,