﻿Name,Created,Published?,Tags
Extras,"October 29, 2023 9:37 PM",No,
Optimism Builders,"October 29, 2023 9:37 PM",No,
Value Propositions and Plans for Eden Fractal with Optimism,"October 29, 2023 9:37 PM",No,
Optimism Images,"October 29, 2023 9:37 PM",No,
Links for Optimism Presentation ,"October 29, 2023 9:37 PM",No,
Sustainability / Profitable Ecosystem about OP Stack,"October 29, 2023 9:37 PM",No,
Vitalik on Optimism,"October 29, 2023 9:37 PM",No,
Optimism Article Drafts and Organization,"October 29, 2023 9:37 PM",No,