﻿Name,Displays on Pages:,AI summary,AI summary 1,Description,Published?,URL,super:Link
What is the Optimism Collective?,Intro to Optimism,"The document provides an overview of the Optimism Collective, detailing its initiatives such as the Superchain and RetroPGF, which focus on sustainable development and funding public goods through innovative governance and incentives. It highlights the organization's commitment to creating an equitable internet and fostering collaboration within the Ethereum community.","In this blog post, we will explore the Optimism Collective, a pioneering initiative within the Ethereum ecosystem that aims to revolutionize the funding of public goods. We will discuss key concepts such as the Superchain, Retroactive Public Goods Funding (RetroPGF), and the unique bicameral governance model that underpins this innovative project. As we delve into the details, we will highlight the importance of understanding user needs and the collaborative efforts that drive the Optimism community forward. Additionally, we will provide valuable resources and insights from thought leaders to help you gain a deeper understanding of the Optimism Collective and its vision for a brighter, more equitable future.","An overview of the Optimism Collective, including the Superchain, RetroPGF, bicameral governance, and praise from brilliant thought leaders 🌱 🔴",Yes,,
Growing Optimism with Eden Fractal,"EF 67, Intro to Optimism, Roots of Optimism Fractal","""Growing Optimism with Eden Fractal"" is a new educational video series that explores the principles and stories behind the Optimism Collective, aiming to inspire and share practical insights for a brighter future. The series was developed during live events with community leaders and Web3 pioneers and features episodes available on YouTube.","In this blog post, we are excited to introduce our new educational video series, ""Growing Optimism with Eden Fractal."" This series aims to explore the rich concepts of the Optimism Collective, showcasing inspiring stories and practical insights that can help us all contribute to a brighter future. Through various episodes, viewers will engage with thought-provoking content that emerged from live events featuring community leaders and Web3 pioneers. Join us as we embark on this enlightening journey that promises to uplift and educate!","We’re pleased to release ""Growing Optimism with Eden Fractal,” our new educational video series that explores the Optimism Collective to shape a brighter future for all! 🌱❣️ 🌞",Yes,,
The Roots of Optimism Fractal,"2023, Intro to Optimism, Octant, Optimism Missions, Our Fractal Journey to Optimism, enhancing retropgf","The document outlines the origins and development of Optimism Fractal, a community aimed at fostering collaboration and public goods creation within the Optimism Superchain. It discusses the community's activities, including the Respect Game, and its connections with other fractal communities.","In this blog post, we delve into the origins and evolution of Optimism Fractal, a community aimed at fostering collaboration and supporting public good creators within the Optimism Superchain. We explore how Optimism Fractal sprouted from the foundations laid by Eden Fractal, highlighting key events leading to its launch in October 2023. Readers will gain insights into the community's mission, the innovative Respect Game, and the ongoing efforts to enhance governance and public goods funding. Join us as we navigate the journey of Optimism Fractal and its potential impact on communities striving for a better future.","Explore the early history of Optimism Fractal, how it sprouted out of Eden Fractal, and more of our early roots! 🌱",Yes,,
A History of Fractal Communities,"Intro to Optimism, Octant, Respect, Respect Game, Roots of Optimism Fractal, public goods games","This document explores the history and development of fractal communities, particularly focusing on the Optimism Fractal initiative, which aims to foster collaboration and public good creation through innovative governance processes. It outlines the contributions of key figures in the field and highlights the potential benefits of these communities for collective growth and cooperation.","This blog post delves into the rich history and evolution of fractal communities, culminating in the formation of Optimism Fractal. It highlights the foundational concepts and key figures that have shaped the development of fractal democracy, including the pioneering work of Daniel Larimer. The article explores how these communities have thrived through innovative frameworks and collaborative practices, emphasizing the profound benefits they offer to participants and the broader ecosystem. Readers will gain insights into the journey of fractal communities, their successes, challenges, and the exciting future that lies ahead as they continue to foster cooperation and public good creation.",Explore the history of fractal communities that led to Optimism Fractal with hundreds of builders for over three years. This article provides an overview of our past work and how these fractal innovations can create profound benefits for all.,Yes,,
The Growth of Optimism,"EF 69, Intro to Optimism","This article explores the initiatives of the Optimism Collective and Superchain aimed at fostering a regenerative society through community engagement and public goods. It includes insights from a live discussion during the 69th Eden Fractal meeting, emphasizing the importance of collaboration and sustainable practices.","In this blog post, we explore the concept of optimism and its significance in fostering a regenerative society through the efforts of the Optimism Collective and Superchain. The article highlights educational resources aimed at understanding how these initiatives promote public goods and enhance community coordination. Drawing insights from a live discussion during the 69th Eden Fractal meeting, we delve into the values that underpin the Optimism movement and its commitment to creating a sustainable future for the open internet. Join us as we uncover the growth of optimism and its impact on our collective well-being.",Educational resources about the Optimism Collective and Superchain to build a more regenerative society for all 🌃,Yes,,
Intro to Optimism,"EF 66, Intro to Optimism, Our Fractal Journey to Optimism, Roots of Optimism Fractal","This document introduces the Optimism Collective, a community focused on rewarding public goods and fostering a sustainable future through innovative projects. It includes details about the Optimism Fractal proposal, its alignment with Eden Fractal's values, and resources for further exploration.","In this blog post, we delve into the concept of Optimism and its transformative potential within the decentralized community landscape. The Optimism Collective is introduced as a pioneering initiative aimed at rewarding public goods and fostering a sustainable future for the open internet. We explore the significant developments within this new community, including its alignment with Eden Fractal's values, and discuss key innovations such as RetroPGF and the Superchain. Additionally, we highlight the importance of collaborative tools and games in empowering communities and enhancing mechanisms for funding public goods. Join us as we embark on an enlightening journey through the principles and projects driving the Optimism ecosystem.",The Optimism Collective is a new type of community designed to reward public goods and build a sustainable future for all 🔴 ✨,Yes,,