﻿Name,Displays on Pages:,AI summary,AI summary 1,Description,Published?,URL,super:Link
A History of Fractal Communities,"Intro to Optimism, Octant, Respect, Respect Game, Roots of Optimism Fractal, public goods games","This document explores the history and development of fractal communities, particularly focusing on the Optimism Fractal initiative, which aims to foster collaboration and public good creation through innovative governance processes. It outlines the contributions of key figures in the field and highlights the potential benefits of these communities for collective growth and cooperation.","This blog post delves into the rich history and evolution of fractal communities, culminating in the formation of Optimism Fractal. It highlights the foundational concepts and key figures that have shaped the development of fractal democracy, including the pioneering work of Daniel Larimer. The article explores how these communities have thrived through innovative frameworks and collaborative practices, emphasizing the profound benefits they offer to participants and the broader ecosystem. Readers will gain insights into the journey of fractal communities, their successes, challenges, and the exciting future that lies ahead as they continue to foster cooperation and public good creation.",Explore the history of fractal communities that led to Optimism Fractal with hundreds of builders for over three years. This article provides an overview of our past work and how these fractal innovations can create profound benefits for all.,Yes,,
Public Goods Games,"Cagendas, Octant, Optimism Town Hall, Our Fractal Journey to Optimism, Respect, Respect Game, RetroPitches, cignals, games, optopics","This document discusses Public Goods Games, a concept that fosters collaboration and coordination among creators to support the Optimism Collective. It highlights various games, their purposes, and how they can help promote public goods and engage communities.","In this blog post, we explore the innovative concept of Public Goods Games, designed to foster collaboration and creativity within the Optimism Collective. Similar to the Olympic Games, these tournaments invite talented creators to compete, collaborate, and contribute towards the common good, enhancing community engagement and public goods development. We delve into various aspects, including the mechanics of the Respect Game, the exciting format of RetroPitches, and how these games can empower individuals and communities alike. Join us as we uncover the potential of these games to create meaningful impact and promote a thriving ecosystem for public goods creation.","Imagine epic tournaments where talented creators compete, collaborate, and coordinate to help the Optimism Collective. Like the Olympic Games, but for creating public goods. ",Yes,,
Optimystics Tools,"Firmament, Fractal App, Fractalgram, ORDAO, Octant, Our Fractal Journey to Optimism, Respect, Respect Game, RetroPitches, cignals, citizens' house, contribution measurement, enhancing retropgf, impact evaluation, missions, public goods games, token house","The document outlines the tools and initiatives developed by Optimystics to empower communities through open-source software, particularly focusing on the Respect Game and fractal cooperation. It includes details on software applications, community engagement, and collaborative decision-making processes within the Optimism Fractal ecosystem.","In this blog post, we explore the innovative tools developed by Optimystics, aimed at empowering communities through open-source software and consensus games on the OP Stack. The focus is on enhancing human coordination and recognizing the contributions of public goods creators. We delve into the foundational concepts behind the Respect Game and fractal cooperation, highlighting how these tools facilitate effective collaboration and decision-making within various communities. Additionally, we discuss the ongoing development of applications and features designed to optimize community engagement and governance, showcasing the potential benefits for organizations utilizing these resources. Join us as we navigate through the impactful initiatives that are shaping the future of collaborative governance and community empowerment.","We build open-source tools for anyone to empower their community with consensus games on the OP Stack. We aim to improve human coordination and award public goods creators with Optimism. ",Yes,,
Fractalgram,"Firmament, Fractal App, ORDAO, OREC, Respect, Tools","Fractalgram is an innovative web application designed to facilitate community engagement through the Respect Game, offering both current features and a next-generation version that enhances user interaction and governance capabilities on Optimistic blockchains.","This blog post provides a comprehensive overview of Fractalgram, an innovative web application designed to facilitate community engagement through the Respect Game. The article discusses the current version of Fractalgram, its features, and the ongoing development of its next-generation app, which promises to enhance user experience with new functionalities. Readers will find insights into how Fractalgram integrates with various blockchain technologies, its open-source nature, and the collaborative efforts of its developers. Additionally, the post highlights resources for further exploration of Fractalgram and its impact on community decision-making and cooperation.",An innovative web app that helps communities play the Respect Game at community events or in asynchronous chats.,Yes,,
Cagendas,"Optimism Town Hall, Respect, Respect Game, Tools, games, optopics, public goods games","Cagendas is a collaborative social coordination game designed to empower community members to propose, discuss, and vote on topics using reputation tokens. It aims to enhance democratic engagement and effective decision-making within communities, particularly during events like Optimism Town Hall.","In this blog post, we introduce Cagendas, an innovative social coordination game designed to enhance community engagement and collaborative agenda setting. Cagendas empowers community members to propose, discuss, and vote on crucial topics, fostering a democratic environment that values every voice. By utilizing reputation tokens, participants can actively influence the discussion topics at weekly events held at Optimism Town Hall. This post explores the game’s rules, development process, and various modes of play, highlighting its potential to revolutionize how communities prioritize discussions and make collective decisions. Join us as we delve into the exciting world of Cagendas and discover how you can get involved in shaping the future of community coordination.","A social coordination game for collaborative agenda setting that empowers community members to propose, discuss, and vote on topics with Respect",Yes,,
ORDAO,"Fractal App, OREC, Respect, Tools",ORDAO is an advanced set of EVM smart contracts designed to facilitate decentralized onchain governance and award distribution for the Optimism Fractal community. It enables community-driven decision-making through an innovative consent-based voting system and is currently deployed on the OP Mainnet.,"In this blog post, we delve into ORDAO, an innovative set of EVM smart contracts designed to facilitate a decentralized onchain governance system for Optimism Fractal and other communities. Developed by Tadas, ORDAO represents the next generation of governance software, aiming to enhance community engagement through an advanced consent-based voting system. We will explore the core components of ORDAO, including the Optimistic Respect-based Executive Contract (OREC), and discuss its deployment details, functionalities, and the potential impact on decentralized governance. This article serves as a comprehensive introduction to ORDAO, highlighting its key features and resources for further exploration.","An elegant set of EVM smart contracts that enable a powerful decentralized onchain governance system, which is proposed as the next generation of Optimism Fractal software.",Yes,,