﻿Name,Displays on Pages:,AI summary,AI summary 1,Description,Published?,URL,super:Link
Intro to Optimism,"EF 66, Intro to Optimism, Our Fractal Journey to Optimism, Roots of Optimism Fractal","This document introduces the Optimism Collective, a community focused on rewarding public goods and fostering a sustainable future through innovative projects. It includes details about the Optimism Fractal proposal, its alignment with Eden Fractal's values, and resources for further exploration.","In this blog post, we delve into the concept of Optimism and its transformative potential within the decentralized community landscape. The Optimism Collective is introduced as a pioneering initiative aimed at rewarding public goods and fostering a sustainable future for the open internet. We explore the significant developments within this new community, including its alignment with Eden Fractal's values, and discuss key innovations such as RetroPGF and the Superchain. Additionally, we highlight the importance of collaborative tools and games in empowering communities and enhancing mechanisms for funding public goods. Join us as we embark on an enlightening journey through the principles and projects driving the Optimism ecosystem.",The Optimism Collective is a new type of community designed to reward public goods and build a sustainable future for all 🔴 ✨,Yes,,
The Roots of Optimism Fractal,"2023, Intro to Optimism, Octant, Optimism Missions, Our Fractal Journey to Optimism, enhancing retropgf","The document outlines the origins and development of Optimism Fractal, a community aimed at fostering collaboration and public goods creation within the Optimism Superchain. It discusses the community's activities, including the Respect Game, and its connections with other fractal communities.","In this blog post, we delve into the origins and evolution of Optimism Fractal, a community aimed at fostering collaboration and supporting public good creators within the Optimism Superchain. We explore how Optimism Fractal sprouted from the foundations laid by Eden Fractal, highlighting key events leading to its launch in October 2023. Readers will gain insights into the community's mission, the innovative Respect Game, and the ongoing efforts to enhance governance and public goods funding. Join us as we navigate the journey of Optimism Fractal and its potential impact on communities striving for a better future.","Explore the early history of Optimism Fractal, how it sprouted out of Eden Fractal, and more of our early roots! 🌱",Yes,,
Optimystics Tools,"Firmament, Fractal App, Fractalgram, ORDAO, Octant, Our Fractal Journey to Optimism, Respect, Respect Game, RetroPitches, cignals, citizens' house, contribution measurement, enhancing retropgf, impact evaluation, missions, public goods games, token house","The document outlines the tools and initiatives developed by Optimystics to empower communities through open-source software, particularly focusing on the Respect Game and fractal cooperation. It includes details on software applications, community engagement, and collaborative decision-making processes within the Optimism Fractal ecosystem.","In this blog post, we explore the innovative tools developed by Optimystics, aimed at empowering communities through open-source software and consensus games on the OP Stack. The focus is on enhancing human coordination and recognizing the contributions of public goods creators. We delve into the foundational concepts behind the Respect Game and fractal cooperation, highlighting how these tools facilitate effective collaboration and decision-making within various communities. Additionally, we discuss the ongoing development of applications and features designed to optimize community engagement and governance, showcasing the potential benefits for organizations utilizing these resources. Join us as we navigate through the impactful initiatives that are shaping the future of collaborative governance and community empowerment.","We build open-source tools for anyone to empower their community with consensus games on the OP Stack. We aim to improve human coordination and award public goods creators with Optimism. ",Yes,,
Fractal Communities,"Our Fractal Journey to Optimism, Respect Game, fractal history","The document discusses fractal communities that utilize fractal decision-making processes, highlighting various groups, their activities, and the tools created to support collaboration and governance. It emphasizes the importance of these communities in fostering cooperation and achieving mutual benefits.","In this blog post, we explore the concept of fractal communities and their significance in fostering collaboration and effective decision-making. Fractal communities utilize innovative processes such as the Respect Game to empower members, enhance participation, and promote mutual benefits. We delve into various examples of such communities, including Optimism Fractal and Eden Fractal, highlighting their unique approaches and contributions to the broader landscape of community engagement. Additionally, we discuss the importance of these communities in creating sustainable futures and the tools and media that support their growth. Join us as we uncover the transformative potential of fractal decision-making processes and the vibrant communities that are pioneering this approach.","An overview of communities and organizations that cooperate with fractal decision-making processes, such as the Respect Game and onchain governance protocols.",Yes,,
The Respect Game,"Cagendas, Fractal App, Octant, Optimism Town Hall, Our Fractal Journey to Optimism, RetroPitches, Tools, cignals, enhancing retropgf, public goods games","The Respect Game is an onchain social game designed to foster community growth by allowing participants to share, rank, and earn respect for their contributions. It promotes collaborative engagement and recognizes individual efforts within the Optimism network.","The Respect Game is an innovative onchain social game designed to foster community growth and engagement. This blog post delves into the mechanics of the game, outlining how participants can contribute, rank each other's efforts, and earn respect points based on their contributions to the Optimism community. It emphasizes the importance of collaboration, transparency, and recognition within the community, showcasing how the Respect Game operates on the principles of consensus and collective participation. Whether you're a seasoned player or new to the concept, this overview will guide you through the core elements of the Respect Game and highlight the benefits of joining in on the fun.",The Respect Game is an onchain social game that anyone can play to grow their community. This profoundly helpful consensus game is at the heart of Optimism Fractal and our work at Optimystics.,Yes,,
Public Goods Games,"Cagendas, Octant, Optimism Town Hall, Our Fractal Journey to Optimism, Respect, Respect Game, RetroPitches, cignals, games, optopics","This document discusses Public Goods Games, a concept that fosters collaboration and coordination among creators to support the Optimism Collective. It highlights various games, their purposes, and how they can help promote public goods and engage communities.","In this blog post, we explore the innovative concept of Public Goods Games, designed to foster collaboration and creativity within the Optimism Collective. Similar to the Olympic Games, these tournaments invite talented creators to compete, collaborate, and contribute towards the common good, enhancing community engagement and public goods development. We delve into various aspects, including the mechanics of the Respect Game, the exciting format of RetroPitches, and how these games can empower individuals and communities alike. Join us as we uncover the potential of these games to create meaningful impact and promote a thriving ecosystem for public goods creation.","Imagine epic tournaments where talented creators compete, collaborate, and coordinate to help the Optimism Collective. Like the Olympic Games, but for creating public goods. ",Yes,,