﻿Name,Displays on Pages:,AI summary,AI summary 1,Description,Published?,URL,super:Link
Respect,"Cagendas, Fractal App, ORDAO, OREC, Optimism Town Hall, Respect Game, Respect Games App, Tools, optopics","The document discusses the concept of ""Respect,"" a mystical soulbound token that acknowledges individual contributions within a community through the Respect Game, promoting decentralized reputation, collaboration, and collective decision-making. It outlines how Respect serves as a powerful tool for fostering engagement, recognizing public goods creators, and enhancing democratic processes in community governance.","In this blog post, we explore the concept of ""Respect,"" a unique non-transferable token designed to acknowledge and reward the contributions individuals make within their communities. As a pivotal element of the Respect Game, this token serves as a decentralized reputation system that not only promotes collaboration but also facilitates collective decision-making. We delve into the mechanics of the Respect Game, how it functions within the Optimism Fractal community, and the profound implications it has for democratic governance and recognition. By transforming the abstract notion of respect into a tangible asset, this initiative aims to foster a culture of appreciation and engagement, ultimately enhancing the collaborative spirit among community members. Join us as we uncover the potential of Respect in revolutionizing community interactions and decision-making processes.","A mystical soulbound token that represents an opinion to acknowledge the contributions and impact individuals make within a community, serving as a decentralized reputation system and promoting participation.",Yes,,
Fractal Apps,"Fractalgram, ORDAO, Respect Games, Tools","This document provides an overview of the Optimism Fractal Apps, which facilitate community governance and decision-making through innovative tools like ORDAO, Fractalgram, and the Respect Games app. It highlights their features, development progress, and the benefits they bring to organizations using these decentralized solutions.","In this blog post, we explore the emerging landscape of Fractal Apps, which are designed to enhance collective decision-making and governance within communities and organizations. We will delve into the functionalities and developments of key applications such as ORDAO, the Fractalgram web app, and the Respect Games platform. Each of these tools plays a significant role in facilitating decentralized governance and optimizing user engagement through innovative technology. Furthermore, we will provide recent updates on their development, showcasing how the Optimism Fractal community is pushing the boundaries of what is possible in decentralized systems. Join us as we uncover the transformative potential of these applications and their impact on community coordination and decision-making.","An overview of apps that make it easy to play the Respect Game, facilitate coordination, and cooperate with fractal governance within communities and organizations.",Yes,,
Fractalgram,"Firmament, Fractal App, ORDAO, OREC, Respect, Tools","Fractalgram is an innovative web application designed to facilitate community engagement through the Respect Game, offering both current features and a next-generation version that enhances user interaction and governance capabilities on Optimistic blockchains.","This blog post provides a comprehensive overview of Fractalgram, an innovative web application designed to facilitate community engagement through the Respect Game. The article discusses the current version of Fractalgram, its features, and the ongoing development of its next-generation app, which promises to enhance user experience with new functionalities. Readers will find insights into how Fractalgram integrates with various blockchain technologies, its open-source nature, and the collaborative efforts of its developers. Additionally, the post highlights resources for further exploration of Fractalgram and its impact on community decision-making and cooperation.",An innovative web app that helps communities play the Respect Game at community events or in asynchronous chats.,Yes,,
Optimystics Tools,"Firmament, Fractal App, Fractalgram, ORDAO, Octant, Our Fractal Journey to Optimism, Respect, Respect Game, RetroPitches, cignals, citizens' house, contribution measurement, enhancing retropgf, impact evaluation, missions, public goods games, token house","The document outlines the tools and initiatives developed by Optimystics to empower communities through open-source software, particularly focusing on the Respect Game and fractal cooperation. It includes details on software applications, community engagement, and collaborative decision-making processes within the Optimism Fractal ecosystem.","In this blog post, we explore the innovative tools developed by Optimystics, aimed at empowering communities through open-source software and consensus games on the OP Stack. The focus is on enhancing human coordination and recognizing the contributions of public goods creators. We delve into the foundational concepts behind the Respect Game and fractal cooperation, highlighting how these tools facilitate effective collaboration and decision-making within various communities. Additionally, we discuss the ongoing development of applications and features designed to optimize community engagement and governance, showcasing the potential benefits for organizations utilizing these resources. Join us as we navigate through the impactful initiatives that are shaping the future of collaborative governance and community empowerment.","We build open-source tools for anyone to empower their community with consensus games on the OP Stack. We aim to improve human coordination and award public goods creators with Optimism. ",Yes,,
OREC,"Fractal App, ORDAO, Tools","The document discusses the Optimistic Respect-based Executive Contract (OREC), a smart contract designed to facilitate decentralized, consent-based decision-making within organizations or communities using non-transferrable reputation tokens. It outlines its purpose, mechanism, and the motivation behind its design, as well as introducing ORDAO, the next generation of Optimism Fractal software.","The blog post discusses the Optimistic Respect-based Executive Contract (OREC), a smart contract designed to facilitate decentralized decision-making within organizations or communities that utilize non-transferable reputation tokens, referred to as ""Respect"". It outlines the motivations behind OREC, its mechanisms for addressing voter apathy, and how it aims to empower community members to make collective decisions effectively. Additionally, the post introduces ORDAO, the next generation of software that incorporates OREC as its core decision-making framework. Readers will gain insights into how this innovative approach seeks to enhance governance within decentralized autonomous organizations (DAOs) and the broader implications for onchain actions.","The Optimistic Respect-based Executive Contract enables onchain, decentralized, consent-based decision-making within organizations or communities that use non-transferrable reputation tokens, such as Respect.",Yes,,
Audits,"ORDAO, OREC, Tools","This document provides an overview of the current status of audits for Optimism Fractal's open-source applications and protocols, detailing ongoing audits, potential future audits, and the importance of ensuring software security as the community grows.","This blog post provides a comprehensive overview of the current audit status for Optimism Fractal’s open-source applications and protocols. It discusses the importance of conducting audits to ensure the security and reliability of the software being developed by the Optimism Fractal community. The post outlines the existing audit processes, potential upcoming audits, and the communication efforts made by the team to encourage participation in the auditing cycle. Additionally, it highlights the integration of the Hats Protocol and the use of Snapshot as a governance tool within the community. Overall, this post aims to inform readers about the proactive measures being taken to enhance the security and functionality of Optimism Fractal's software.",An overview of the current status of audits for Optimism Fractal’s open-source applications and protocols.,Yes,,
Optimism Fractal Development Hub,"Fractal App, Fractalgram, ORDAO, OREC, Respect Game, Respect Games App, Tools, op fractal stack","The Optimism Fractal Development Hub is a collaborative space and educational resource designed for developers interested in building with the Optimism Fractal. It offers access to projects, tasks, and various resources to facilitate technical development and community engagement.","In this blog post, we introduce the Optimism Fractal Development Hub, a collaborative space designed to support developers interested in creating with Optimism Fractal. This hub serves as an educational resource, offering a variety of projects, tasks, and essential information for developers. We discuss the importance of community involvement, the opportunities available for contribution, and the resources provided within the hub. Additionally, we outline the potential funding opportunities for developers who make a positive impact on the Optimism Collective. Join us as we explore how you can engage with this vibrant community and contribute to the exciting developments happening within the Optimism Fractal ecosystem.","A collaborative space and educational resource for developers who are interested in building with Optimism Fractal. It includes projects, tasks, and info related to Optimism Fractal development.",Yes,,