﻿Name,Displays on Pages:,AI summary,AI summary 1,Description,Published?,URL,super:Link
A History of Fractal Communities,"Intro to Optimism, Octant, Respect, Respect Game, Roots of Optimism Fractal, public goods games","This document explores the history and development of fractal communities, particularly focusing on the Optimism Fractal initiative, which aims to foster collaboration and public good creation through innovative governance processes. It outlines the contributions of key figures in the field and highlights the potential benefits of these communities for collective growth and cooperation.","This blog post delves into the rich history and evolution of fractal communities, culminating in the formation of Optimism Fractal. It highlights the foundational concepts and key figures that have shaped the development of fractal democracy, including the pioneering work of Daniel Larimer. The article explores how these communities have thrived through innovative frameworks and collaborative practices, emphasizing the profound benefits they offer to participants and the broader ecosystem. Readers will gain insights into the journey of fractal communities, their successes, challenges, and the exciting future that lies ahead as they continue to foster cooperation and public good creation.",Explore the history of fractal communities that led to Optimism Fractal with hundreds of builders for over three years. This article provides an overview of our past work and how these fractal innovations can create profound benefits for all.,Yes,,
Public Goods Games,"Cagendas, Octant, Optimism Town Hall, Our Fractal Journey to Optimism, Respect, Respect Game, RetroPitches, cignals, games, optopics","This document discusses Public Goods Games, a concept that fosters collaboration and coordination among creators to support the Optimism Collective. It highlights various games, their purposes, and how they can help promote public goods and engage communities.","In this blog post, we explore the innovative concept of Public Goods Games, designed to foster collaboration and creativity within the Optimism Collective. Similar to the Olympic Games, these tournaments invite talented creators to compete, collaborate, and contribute towards the common good, enhancing community engagement and public goods development. We delve into various aspects, including the mechanics of the Respect Game, the exciting format of RetroPitches, and how these games can empower individuals and communities alike. Join us as we uncover the potential of these games to create meaningful impact and promote a thriving ecosystem for public goods creation.","Imagine epic tournaments where talented creators compete, collaborate, and coordinate to help the Optimism Collective. Like the Olympic Games, but for creating public goods. ",Yes,,
Optimystics Tools,"Firmament, Fractal App, Fractalgram, ORDAO, Octant, Our Fractal Journey to Optimism, Respect, Respect Game, RetroPitches, cignals, citizens' house, contribution measurement, enhancing retropgf, impact evaluation, missions, public goods games, token house","The document outlines the tools and initiatives developed by Optimystics to empower communities through open-source software, particularly focusing on the Respect Game and fractal cooperation. It includes details on software applications, community engagement, and collaborative decision-making processes within the Optimism Fractal ecosystem.","In this blog post, we explore the innovative tools developed by Optimystics, aimed at empowering communities through open-source software and consensus games on the OP Stack. The focus is on enhancing human coordination and recognizing the contributions of public goods creators. We delve into the foundational concepts behind the Respect Game and fractal cooperation, highlighting how these tools facilitate effective collaboration and decision-making within various communities. Additionally, we discuss the ongoing development of applications and features designed to optimize community engagement and governance, showcasing the potential benefits for organizations utilizing these resources. Join us as we navigate through the impactful initiatives that are shaping the future of collaborative governance and community empowerment.","We build open-source tools for anyone to empower their community with consensus games on the OP Stack. We aim to improve human coordination and award public goods creators with Optimism. ",Yes,,
Fractal Communities,"Our Fractal Journey to Optimism, Respect Game, fractal history","The document discusses fractal communities that utilize fractal decision-making processes, highlighting various groups, their activities, and the tools created to support collaboration and governance. It emphasizes the importance of these communities in fostering cooperation and achieving mutual benefits.","In this blog post, we explore the concept of fractal communities and their significance in fostering collaboration and effective decision-making. Fractal communities utilize innovative processes such as the Respect Game to empower members, enhance participation, and promote mutual benefits. We delve into various examples of such communities, including Optimism Fractal and Eden Fractal, highlighting their unique approaches and contributions to the broader landscape of community engagement. Additionally, we discuss the importance of these communities in creating sustainable futures and the tools and media that support their growth. Join us as we uncover the transformative potential of fractal decision-making processes and the vibrant communities that are pioneering this approach.","An overview of communities and organizations that cooperate with fractal decision-making processes, such as the Respect Game and onchain governance protocols.",Yes,,
Respect,"Cagendas, Fractal App, ORDAO, OREC, Optimism Town Hall, Respect Game, Respect Games App, Tools, optopics","The document discusses the concept of ""Respect,"" a mystical soulbound token that acknowledges individual contributions within a community through the Respect Game, promoting decentralized reputation, collaboration, and collective decision-making. It outlines how Respect serves as a powerful tool for fostering engagement, recognizing public goods creators, and enhancing democratic processes in community governance.","In this blog post, we explore the concept of ""Respect,"" a unique non-transferable token designed to acknowledge and reward the contributions individuals make within their communities. As a pivotal element of the Respect Game, this token serves as a decentralized reputation system that not only promotes collaboration but also facilitates collective decision-making. We delve into the mechanics of the Respect Game, how it functions within the Optimism Fractal community, and the profound implications it has for democratic governance and recognition. By transforming the abstract notion of respect into a tangible asset, this initiative aims to foster a culture of appreciation and engagement, ultimately enhancing the collaborative spirit among community members. Join us as we uncover the potential of Respect in revolutionizing community interactions and decision-making processes.","A mystical soulbound token that represents an opinion to acknowledge the contributions and impact individuals make within a community, serving as a decentralized reputation system and promoting participation.",Yes,,
Cagendas,"Optimism Town Hall, Respect, Respect Game, Tools, games, optopics, public goods games","Cagendas is a collaborative social coordination game designed to empower community members to propose, discuss, and vote on topics using reputation tokens. It aims to enhance democratic engagement and effective decision-making within communities, particularly during events like Optimism Town Hall.","In this blog post, we introduce Cagendas, an innovative social coordination game designed to enhance community engagement and collaborative agenda setting. Cagendas empowers community members to propose, discuss, and vote on crucial topics, fostering a democratic environment that values every voice. By utilizing reputation tokens, participants can actively influence the discussion topics at weekly events held at Optimism Town Hall. This post explores the game’s rules, development process, and various modes of play, highlighting its potential to revolutionize how communities prioritize discussions and make collective decisions. Join us as we delve into the exciting world of Cagendas and discover how you can get involved in shaping the future of community coordination.","A social coordination game for collaborative agenda setting that empowers community members to propose, discuss, and vote on topics with Respect",Yes,,
Respect Games App,"Fractal App, Respect Game, Tools","The Respect Games app is an innovative platform under development that aims to enhance community governance and contribution tracking through blockchain technology. It offers features such as a user-friendly interface, peer-reviewed ranking systems, and customizable community pages, targeting a launch in September.","The blog post provides an in-depth overview of the Respect Games app, a groundbreaking platform currently under development that aims to revolutionize how communities engage in contribution tracking and governance. It highlights the app's key features, including its user-friendly interface, innovative ranking system, and integration of blockchain technology for transparency. The post also discusses the app's objectives, such as fostering peer evaluation, enhancing decision-making processes, and offering a fair reward distribution system. With a target launch in September, readers are encouraged to stay tuned for updates and further insights into this transformative app's capabilities.",A powerful app in development that enables any community or organization to easily play different kinds of Respect Games.,Yes,,
Optimism Fractal Development Hub,"Fractal App, Fractalgram, ORDAO, OREC, Respect Game, Respect Games App, Tools, op fractal stack","The Optimism Fractal Development Hub is a collaborative space and educational resource designed for developers interested in building with the Optimism Fractal. It offers access to projects, tasks, and various resources to facilitate technical development and community engagement.","In this blog post, we introduce the Optimism Fractal Development Hub, a collaborative space designed to support developers interested in creating with Optimism Fractal. This hub serves as an educational resource, offering a variety of projects, tasks, and essential information for developers. We discuss the importance of community involvement, the opportunities available for contribution, and the resources provided within the hub. Additionally, we outline the potential funding opportunities for developers who make a positive impact on the Optimism Collective. Join us as we explore how you can engage with this vibrant community and contribute to the exciting developments happening within the Optimism Fractal ecosystem.","A collaborative space and educational resource for developers who are interested in building with Optimism Fractal. It includes projects, tasks, and info related to Optimism Fractal development.",Yes,,