﻿Name,Displays on Pages:,AI summary,AI summary 1,Description,Published?,URL,super:Link
The Respect Game,"Cagendas, Fractal App, Octant, Optimism Town Hall, Our Fractal Journey to Optimism, RetroPitches, Tools, cignals, enhancing retropgf, public goods games","The Respect Game is an onchain social game designed to foster community growth by allowing participants to share, rank, and earn respect for their contributions. It promotes collaborative engagement and recognizes individual efforts within the Optimism network.","The Respect Game is an innovative onchain social game designed to foster community growth and engagement. This blog post delves into the mechanics of the game, outlining how participants can contribute, rank each other's efforts, and earn respect points based on their contributions to the Optimism community. It emphasizes the importance of collaboration, transparency, and recognition within the community, showcasing how the Respect Game operates on the principles of consensus and collective participation. Whether you're a seasoned player or new to the concept, this overview will guide you through the core elements of the Respect Game and highlight the benefits of joining in on the fun.",The Respect Game is an onchain social game that anyone can play to grow their community. This profoundly helpful consensus game is at the heart of Optimism Fractal and our work at Optimystics.,Yes,,
Optimism Town Hall,"Cagendas, optimism fractal season 3, optopics","The document outlines the Optimism Town Hall, a weekly event designed for collaborative discussions about the Optimism Superchain, where participants engage in interactive games to propose and prioritize topics. It emphasizes community involvement, governance discussions, and the innovative Cagendas game for setting agendas democratically.","The Optimism Town Hall is a groundbreaking weekly event designed to foster impactful and interactive discussions surrounding the Optimism ecosystem. This post explores the objectives and structure of the Town Hall, emphasizing its role as a collaborative forum for community members to engage in governance discussions and prioritize topics through innovative agenda-setting games like Cagendas. Readers will learn about the unique features of the Town Hall, including its integration with the Optimism Fractal community and the use of onchain reputation tokens to facilitate democratic dialogue. Join us as we delve into the exciting potential of the Optimism Town Hall to shape the future of community coordination and governance.","A new weekly event and collaborative forum dedicated to hosting impactful, interactive, and respectful conversations about Optimism.",Yes,,
Growing Optimism with Eden Fractal,"EF 67, Intro to Optimism, Roots of Optimism Fractal","""Growing Optimism with Eden Fractal"" is a new educational video series that explores the principles and stories behind the Optimism Collective, aiming to inspire and share practical insights for a brighter future. The series was developed during live events with community leaders and Web3 pioneers and features episodes available on YouTube.","In this blog post, we are excited to introduce our new educational video series, ""Growing Optimism with Eden Fractal."" This series aims to explore the rich concepts of the Optimism Collective, showcasing inspiring stories and practical insights that can help us all contribute to a brighter future. Through various episodes, viewers will engage with thought-provoking content that emerged from live events featuring community leaders and Web3 pioneers. Join us as we embark on this enlightening journey that promises to uplift and educate!","We’re pleased to release ""Growing Optimism with Eden Fractal,” our new educational video series that explores the Optimism Collective to shape a brighter future for all! 🌱❣️ 🌞",Yes,,
The Roots of Optimism Fractal,"2023, Intro to Optimism, Octant, Optimism Missions, Our Fractal Journey to Optimism, enhancing retropgf","The document outlines the origins and development of Optimism Fractal, a community aimed at fostering collaboration and public goods creation within the Optimism Superchain. It discusses the community's activities, including the Respect Game, and its connections with other fractal communities.","In this blog post, we delve into the origins and evolution of Optimism Fractal, a community aimed at fostering collaboration and supporting public good creators within the Optimism Superchain. We explore how Optimism Fractal sprouted from the foundations laid by Eden Fractal, highlighting key events leading to its launch in October 2023. Readers will gain insights into the community's mission, the innovative Respect Game, and the ongoing efforts to enhance governance and public goods funding. Join us as we navigate the journey of Optimism Fractal and its potential impact on communities striving for a better future.","Explore the early history of Optimism Fractal, how it sprouted out of Eden Fractal, and more of our early roots! 🌱",Yes,,
Respect,"Cagendas, Fractal App, ORDAO, OREC, Optimism Town Hall, Respect Game, Respect Games App, Tools, optopics","The document discusses the concept of ""Respect,"" a mystical soulbound token that acknowledges individual contributions within a community through the Respect Game, promoting decentralized reputation, collaboration, and collective decision-making. It outlines how Respect serves as a powerful tool for fostering engagement, recognizing public goods creators, and enhancing democratic processes in community governance.","In this blog post, we explore the concept of ""Respect,"" a unique non-transferable token designed to acknowledge and reward the contributions individuals make within their communities. As a pivotal element of the Respect Game, this token serves as a decentralized reputation system that not only promotes collaboration but also facilitates collective decision-making. We delve into the mechanics of the Respect Game, how it functions within the Optimism Fractal community, and the profound implications it has for democratic governance and recognition. By transforming the abstract notion of respect into a tangible asset, this initiative aims to foster a culture of appreciation and engagement, ultimately enhancing the collaborative spirit among community members. Join us as we uncover the potential of Respect in revolutionizing community interactions and decision-making processes.","A mystical soulbound token that represents an opinion to acknowledge the contributions and impact individuals make within a community, serving as a decentralized reputation system and promoting participation.",Yes,,
A History of Fractal Communities,"Intro to Optimism, Octant, Respect, Respect Game, Roots of Optimism Fractal, public goods games","This document explores the history and development of fractal communities, particularly focusing on the Optimism Fractal initiative, which aims to foster collaboration and public good creation through innovative governance processes. It outlines the contributions of key figures in the field and highlights the potential benefits of these communities for collective growth and cooperation.","This blog post delves into the rich history and evolution of fractal communities, culminating in the formation of Optimism Fractal. It highlights the foundational concepts and key figures that have shaped the development of fractal democracy, including the pioneering work of Daniel Larimer. The article explores how these communities have thrived through innovative frameworks and collaborative practices, emphasizing the profound benefits they offer to participants and the broader ecosystem. Readers will gain insights into the journey of fractal communities, their successes, challenges, and the exciting future that lies ahead as they continue to foster cooperation and public good creation.",Explore the history of fractal communities that led to Optimism Fractal with hundreds of builders for over three years. This article provides an overview of our past work and how these fractal innovations can create profound benefits for all.,Yes,,
Fractal Communities,"Our Fractal Journey to Optimism, Respect Game, fractal history","The document discusses fractal communities that utilize fractal decision-making processes, highlighting various groups, their activities, and the tools created to support collaboration and governance. It emphasizes the importance of these communities in fostering cooperation and achieving mutual benefits.","In this blog post, we explore the concept of fractal communities and their significance in fostering collaboration and effective decision-making. Fractal communities utilize innovative processes such as the Respect Game to empower members, enhance participation, and promote mutual benefits. We delve into various examples of such communities, including Optimism Fractal and Eden Fractal, highlighting their unique approaches and contributions to the broader landscape of community engagement. Additionally, we discuss the importance of these communities in creating sustainable futures and the tools and media that support their growth. Join us as we uncover the transformative potential of fractal decision-making processes and the vibrant communities that are pioneering this approach.","An overview of communities and organizations that cooperate with fractal decision-making processes, such as the Respect Game and onchain governance protocols.",Yes,,
Cagendas,"Optimism Town Hall, Respect, Respect Game, Tools, games, optopics, public goods games","Cagendas is a collaborative social coordination game designed to empower community members to propose, discuss, and vote on topics using reputation tokens. It aims to enhance democratic engagement and effective decision-making within communities, particularly during events like Optimism Town Hall.","In this blog post, we introduce Cagendas, an innovative social coordination game designed to enhance community engagement and collaborative agenda setting. Cagendas empowers community members to propose, discuss, and vote on crucial topics, fostering a democratic environment that values every voice. By utilizing reputation tokens, participants can actively influence the discussion topics at weekly events held at Optimism Town Hall. This post explores the game’s rules, development process, and various modes of play, highlighting its potential to revolutionize how communities prioritize discussions and make collective decisions. Join us as we delve into the exciting world of Cagendas and discover how you can get involved in shaping the future of community coordination.","A social coordination game for collaborative agenda setting that empowers community members to propose, discuss, and vote on topics with Respect",Yes,,
ORDAO,"Fractal App, OREC, Respect, Tools",ORDAO is an advanced set of EVM smart contracts designed to facilitate decentralized onchain governance and award distribution for the Optimism Fractal community. It enables community-driven decision-making through an innovative consent-based voting system and is currently deployed on the OP Mainnet.,"In this blog post, we delve into ORDAO, an innovative set of EVM smart contracts designed to facilitate a decentralized onchain governance system for Optimism Fractal and other communities. Developed by Tadas, ORDAO represents the next generation of governance software, aiming to enhance community engagement through an advanced consent-based voting system. We will explore the core components of ORDAO, including the Optimistic Respect-based Executive Contract (OREC), and discuss its deployment details, functionalities, and the potential impact on decentralized governance. This article serves as a comprehensive introduction to ORDAO, highlighting its key features and resources for further exploration.","An elegant set of EVM smart contracts that enable a powerful decentralized onchain governance system, which is proposed as the next generation of Optimism Fractal software.",Yes,,
OREC,"Fractal App, ORDAO, Tools","The document discusses the Optimistic Respect-based Executive Contract (OREC), a smart contract designed to facilitate decentralized, consent-based decision-making within organizations or communities using non-transferrable reputation tokens. It outlines its purpose, mechanism, and the motivation behind its design, as well as introducing ORDAO, the next generation of Optimism Fractal software.","The blog post discusses the Optimistic Respect-based Executive Contract (OREC), a smart contract designed to facilitate decentralized decision-making within organizations or communities that utilize non-transferable reputation tokens, referred to as ""Respect"". It outlines the motivations behind OREC, its mechanisms for addressing voter apathy, and how it aims to empower community members to make collective decisions effectively. Additionally, the post introduces ORDAO, the next generation of software that incorporates OREC as its core decision-making framework. Readers will gain insights into how this innovative approach seeks to enhance governance within decentralized autonomous organizations (DAOs) and the broader implications for onchain actions.","The Optimistic Respect-based Executive Contract enables onchain, decentralized, consent-based decision-making within organizations or communities that use non-transferrable reputation tokens, such as Respect.",Yes,,
Fractal Apps,"Fractalgram, ORDAO, Respect Games, Tools","This document provides an overview of the Optimism Fractal Apps, which facilitate community governance and decision-making through innovative tools like ORDAO, Fractalgram, and the Respect Games app. It highlights their features, development progress, and the benefits they bring to organizations using these decentralized solutions.","In this blog post, we explore the emerging landscape of Fractal Apps, which are designed to enhance collective decision-making and governance within communities and organizations. We will delve into the functionalities and developments of key applications such as ORDAO, the Fractalgram web app, and the Respect Games platform. Each of these tools plays a significant role in facilitating decentralized governance and optimizing user engagement through innovative technology. Furthermore, we will provide recent updates on their development, showcasing how the Optimism Fractal community is pushing the boundaries of what is possible in decentralized systems. Join us as we uncover the transformative potential of these applications and their impact on community coordination and decision-making.","An overview of apps that make it easy to play the Respect Game, facilitate coordination, and cooperate with fractal governance within communities and organizations.",Yes,,
Respect Games App,"Fractal App, Respect Game, Tools","The Respect Games app is an innovative platform under development that aims to enhance community governance and contribution tracking through blockchain technology. It offers features such as a user-friendly interface, peer-reviewed ranking systems, and customizable community pages, targeting a launch in September.","The blog post provides an in-depth overview of the Respect Games app, a groundbreaking platform currently under development that aims to revolutionize how communities engage in contribution tracking and governance. It highlights the app's key features, including its user-friendly interface, innovative ranking system, and integration of blockchain technology for transparency. The post also discusses the app's objectives, such as fostering peer evaluation, enhancing decision-making processes, and offering a fair reward distribution system. With a target launch in September, readers are encouraged to stay tuned for updates and further insights into this transformative app's capabilities.",A powerful app in development that enables any community or organization to easily play different kinds of Respect Games.,Yes,,
RetroPGF and Optimism Grants,"2023, EF 68, Optimism Missions, RetroPGF, missions","This article explores various grant opportunities within the Optimism ecosystem, including RetroPGF and the Grants Council, and shares insights from a live discussion among community leaders. It serves as an overview for those interested in funding opportunities and community engagement within Optimism.","In this blog post, we delve into the various grant opportunities available within the Optimism ecosystem, highlighting key programs such as RetroPGF and the Grants Council. Designed to support innovative projects and initiatives, these grants aim to foster growth and collaboration within the community. We also reflect on insights gathered during a live discussion with community leaders, offering valuable perspectives on the potential impact of these grants. Join us as we explore how these resources can help drive progress and innovation in the world of Optimism.","We explore a plethora of grant opportunities in the Optimism ecosystem, including RetroPGF, the Grants Council, and more!",Yes,,
Enhancing RetroPGF with Optimism Fractal,"RetroPGF, cignals, public goods games","This document discusses how Optimism Fractal can enhance RetroPGF by relieving burdens from badgeholders, raising awareness for public goods creators, and fairly rewarding the Optimism Collective's impact. It invites readers to engage with related resources and events to learn more about the benefits of this collaboration.","In this blog post, we delve into the potential of Optimism Fractal to enhance RetroPGF, a framework aimed at supporting public goods creators. We discuss various strategies through which Optimism Fractal can alleviate challenges faced by badgeholders, increase visibility for creators of public goods, and ensure that the Optimism Collective effectively rewards impactful contributions. This exploration not only highlights the synergy between these two initiatives but also aims to inspire collaboration and innovation within the community. Join us as we uncover the ways in which Optimism Fractal can drive meaningful change and support the growth of public goods initiatives.","How can Optimism Fractal enhance RetroPGF? We explore several ways that Optimism Fractal can relieve burden from badgeholders, raise awareness public goods creators, and help the Optimism Collective fairly reward impact 🔴 ✨",Yes,,
Optimism Fractal and Optimism Grants Council,"2023, EF 68, Optimism Missions, Roots of Optimism Fractal, missions","This article shares insights and experiences from a proposal made to the Optimism Grants Council for launching Optimism Fractal, summarizing key takeaways from a live discussion during the 68th Eden Fractal meeting.","In this blog post, we delve into our journey of proposing the Optimism Fractal to the Optimism Grants Council. We reflect on our learnings and experiences from the process, highlighting key discussions held during the 68th Eden Fractal meeting. This article aims to provide insights into the motivations behind the Optimism Fractal initiative, the community's engagement, and the potential impact of our proposal. Whether you're a seasoned member of the Optimism Collective or a newcomer, this overview will guide you through the essential elements of our mission and the collaborative spirit that drives us forward.",We share our learnings and experience making a proposal for the Optimism Grants Council to start Optimism Fractal! 🌻,Yes,,
Eden Fractal and RetroPGF Synergies,EF 68,"This document explores the synergies between fractal communities and RetroPGF, highlighting how both approaches focus on retroactive funding and decision-making based on past contributions. It emphasizes the importance of community engagement through live ranking and consensus during events.","In this blog post, we delve into the fascinating intersections between fractal communities and RetroPGF, highlighting the synergies that have emerged as both realms continue to evolve. As fractal communities draw inspiration from the successes of tools like Eden Fractal and Fractally, we explore how these innovations can be leveraged on the Optimism platform. Through a detailed examination of retroactive funding and decision-making processes, we uncover how contributions are recognized and rewarded based on past performance. Join us as we unpack these exciting developments and invite you to participate in our weekly events to learn more about the collaborative potential within these communities.",Explore the many exciting similarities and synergies that fractal communities share with RetroPGF 🤝🏽,Yes,,
Discovering Optimism Fractal,EF 68,"The article discusses the Optimism Fractal grant proposal and its interactions with the Optimism Grants Council, highlighting the principles of optimistic consensus games and the ongoing opportunities within the Optimism community. It includes insights from a live discussion during the 68th Eden Fractal meeting, focusing on feedback and future possibilities for the grant proposal.","The blog post titled ""Discovering Optimism Fractal"" delves into the intricacies of the Optimism Fractal grant proposal, highlighting its significance and the collaborative efforts of the Optimism Grants Council. It captures the essence of a live discussion held during the 68th Eden Fractal meeting, where community leaders shared insights and reflections on the proposal. The article outlines the foundational principles of the Optimism Fractal, offering readers a glimpse into the innovative concepts introduced by The Optimism Collective, such as RetroPGF and Superchain. With a focus on community engagement and the importance of optimistic consensus games, the post serves as a comprehensive resource for understanding the ongoing developments in the Optimism ecosystem.",Explore the Optimism Fractal grant proposal and interactions with the Optimism Grants Council to discover the benefits of optimistic consensus games!,Yes,,
The Growth of Optimism,"EF 69, Intro to Optimism","This article explores the initiatives of the Optimism Collective and Superchain aimed at fostering a regenerative society through community engagement and public goods. It includes insights from a live discussion during the 69th Eden Fractal meeting, emphasizing the importance of collaboration and sustainable practices.","In this blog post, we explore the concept of optimism and its significance in fostering a regenerative society through the efforts of the Optimism Collective and Superchain. The article highlights educational resources aimed at understanding how these initiatives promote public goods and enhance community coordination. Drawing insights from a live discussion during the 69th Eden Fractal meeting, we delve into the values that underpin the Optimism movement and its commitment to creating a sustainable future for the open internet. Join us as we uncover the growth of optimism and its impact on our collective well-being.",Educational resources about the Optimism Collective and Superchain to build a more regenerative society for all 🌃,Yes,,
RetroPGF Round 3,"EF 69, RetroPGF",RetroPGF Round 3 involves the Optimism Collective allocating 30 million OP to creators of public goods under the principle that 'impact equals profit.' The episode of Eden Fractal discusses these developments and their implications for the community.,"In this blog post, we delve into RetroPGF Round 3, an initiative by the Optimism Collective aimed at supporting public goods creators. With a substantial allocation of 30 million OP tokens, this round emphasizes the principle that ""impact equals profit."" We explore the discussions surrounding this initiative, highlighted in the 69th episode of Eden Fractal, where various insights about Optimism and its impact on the community were shared. Join us as we unpack the significance of this funding round and its implications for public goods and creators.","In RetroPGF Round 3, the Optimism Collective is giving 30 million OP to public goods creators with the axiom of ‘impact=profit’ ",Yes,,
We ❤️ the Art,,"We ❤️ The Art is a creator competition organized by the Optimism Collective, offering 1 million OP in rewards for onchain art. It aims to celebrate creative freedom and invites artists worldwide to participate in this unique contest.","In this blog post, we delve into the exciting creator competition known as ""We ❤️ The Art,"" organized by the Optimism Collective. With a staggering prize pool of 1 million OP, this competition aims to celebrate onchain art and creative expression. Drawing parallels to a talent show format, the competition invites artists from around the globe to showcase their work in a vibrant and innovative environment. Throughout the post, we will explore the details of the competition, its significance in the world of onchain creativity, and the resources available for participants eager to join this artistic celebration.",A creator competition held by the Optimism Collective with 1 million OP in rewards for onchain art!,Yes,,
Unfolding RetroPGF and Optimism Grants,"EF 67, Optimism Missions, RetroPGF, missions","This document discusses grant opportunities within the Optimism ecosystem, highlighting the funding of public goods creators aligned with the principle of Impact=Profit.","In this blog post, we delve into the exciting world of grant opportunities available within the Optimism ecosystem. With a focus on the Unfolding RetroPGF initiative, we’ll explore how these grants can support public goods creators and foster innovative projects. Our discussion emphasizes the principle that impact can drive profit, highlighting the potential for positive change through funding. Join us as we uncover the various ways to engage with and benefit from these unique financial opportunities.",An exploration of the amazing grant opportunities within the Optimism ecosystem!,Yes,,
Respect Trees,"Tools, contribution measurement, coordination, governance, impact evaluation","This document discusses Respect Trees, a fractal framework designed to enhance collective decision-making and resource allocation in decentralized communities. It outlines the framework's purpose, implementation process, and integration with tools like Notion and GitHub to foster democratic governance.","In this blog post, we explore the innovative concept of Respect Trees, a fractal framework designed to enhance collective decision-making in decentralized communities. This framework aims to streamline prioritization and resource allocation through a unique voting system that empowers community members. We delve into the mechanics of Respect Trees, highlighting their potential to transform governance structures within the Optimism Fractal ecosystem and beyond. Additionally, we discuss the integration of Respect Trees with popular platforms like Notion and GitHub, which further enhances their functionality and accessibility. Throughout the article, we provide insights into the benefits of using Respect Trees and how they can foster greater engagement, transparency, and adaptability in community governance.","A fractal framework designed to facilitate collective decision-making, set priorities, and allocate resources in decentralized communities.",Yes,,
RetroPitches,"RetroPGF, cignals, games, public goods games","RetroPitches are engaging competitions where applicants present their projects, and participants rank their pitches. These events aim to promote public goods creators and are shared on social media for broader awareness.","RetroPitches is an engaging platform designed to foster creativity and collaboration among RetroPGF applicants. This blog post explores the concept of RetroPitches, highlighting how these fun and friendly competitions allow participants to showcase their innovative projects. By presenting their ideas, applicants not only gain valuable feedback but also the opportunity to rank their pitches among peers. Join us as we delve into the exciting world of RetroPitches and discover how they contribute to the public goods community.","Fun, friendly competitions where RetroPGF applicants present their projects and participants rank their pitches!",Yes,,
Optimism Fractal Grant Proposal,"2023, EF 67, Optimism Missions, Roots of Optimism Fractal, missions","The Optimism Fractal Grant Proposal seeks to enhance the Optimism Collective by developing collaborative games, tools, and shows, as outlined in their mid-2023 initiative. This proposal is part of a broader vision to foster synergies within the Optimism community.","In this blog post, we explore the Optimism Fractal Grant Proposal, a groundbreaking initiative aimed at enhancing the Optimism Collective through innovative collaborative games, tools, and shows. Originally proposed in mid-2023, this initiative seeks to foster community engagement and creativity within the Optimism ecosystem. We will discuss the key elements of the proposal, its intended impact on the community, and how it aligns with the broader goals of the Optimism Fractal. Join us as we delve into the vision that drives this exciting endeavor and the synergies that are emerging in the vibrant Optimism city.","The Optimism Fractal proposal from mid-2023 aimed to empower the Optimism Collective with the next generation of collaborative games, tools, and shows at Optimism Fractal",Yes,,
The History and Future of RetroPitches,"RetroPitches, cignals, games, public goods games",RetroPitches is a consensus game designed for Optimists to collaborate and promote their RetroPGF projects while fostering the principles of Optimism. The game encourages cooperative competition among participants to enhance public goods initiatives.,"In this blog post, we delve into the intriguing world of RetroPitches, a unique consensus game designed to foster collaboration among Optimists as they work together to promote their RetroPGF projects. This exploration highlights the innovative mechanics of RetroPitches and its potential impact on the growth of Optimism within the community. By examining its history and envisioning its future, we aim to shed light on how games like RetroPitches can enhance collective engagement and support the development of public goods.","An exploration of RetroPitches, a consensus game where Optimists coopete to promote their RetroPGF projects and grow Optimism.",Yes,,https://optimystics.io/exploringretropitches
Sowing Optimism Fractal,"2023, EF 69, Optimism Missions, Roots of Optimism Fractal, missions","The ""Sowing Optimism Fractal"" discusses the efforts of the Optimystics in nurturing the Optimism Fractal initiative to foster a more regenerative society through the Optimism Collective. It highlights their dedication to crafting impactful projects and educational efforts.","In this blog post, we explore the journey of nurturing the Optimism Fractal and its mission to educate individuals about the Optimism Collective. Through a series of initiatives aimed at fostering a more regenerative society, the Optimystics dedicate their efforts to crafting impactful projects that promote optimism and sustainability. Join us as we delve into the various aspects of the Optimism Fractal and its significance in creating a brighter future for all.",A story of nurturing Optimism Fractal and educating about the Optimism Collective to create more regenerative society 🪴,Yes,,
Intro to Optimism,"EF 66, Intro to Optimism, Our Fractal Journey to Optimism, Roots of Optimism Fractal","This document introduces the Optimism Collective, a community focused on rewarding public goods and fostering a sustainable future through innovative projects. It includes details about the Optimism Fractal proposal, its alignment with Eden Fractal's values, and resources for further exploration.","In this blog post, we delve into the concept of Optimism and its transformative potential within the decentralized community landscape. The Optimism Collective is introduced as a pioneering initiative aimed at rewarding public goods and fostering a sustainable future for the open internet. We explore the significant developments within this new community, including its alignment with Eden Fractal's values, and discuss key innovations such as RetroPGF and the Superchain. Additionally, we highlight the importance of collaborative tools and games in empowering communities and enhancing mechanisms for funding public goods. Join us as we embark on an enlightening journey through the principles and projects driving the Optimism ecosystem.",The Optimism Collective is a new type of community designed to reward public goods and build a sustainable future for all 🔴 ✨,Yes,,
Public Goods Games,"Cagendas, Octant, Optimism Town Hall, Our Fractal Journey to Optimism, Respect, Respect Game, RetroPitches, cignals, games, optopics","This document discusses Public Goods Games, a concept that fosters collaboration and coordination among creators to support the Optimism Collective. It highlights various games, their purposes, and how they can help promote public goods and engage communities.","In this blog post, we explore the innovative concept of Public Goods Games, designed to foster collaboration and creativity within the Optimism Collective. Similar to the Olympic Games, these tournaments invite talented creators to compete, collaborate, and contribute towards the common good, enhancing community engagement and public goods development. We delve into various aspects, including the mechanics of the Respect Game, the exciting format of RetroPitches, and how these games can empower individuals and communities alike. Join us as we uncover the potential of these games to create meaningful impact and promote a thriving ecosystem for public goods creation.","Imagine epic tournaments where talented creators compete, collaborate, and coordinate to help the Optimism Collective. Like the Olympic Games, but for creating public goods. ",Yes,,
What is the Optimism Collective?,Intro to Optimism,"The document provides an overview of the Optimism Collective, detailing its initiatives such as the Superchain and RetroPGF, which focus on sustainable development and funding public goods through innovative governance and incentives. It highlights the organization's commitment to creating an equitable internet and fostering collaboration within the Ethereum community.","In this blog post, we will explore the Optimism Collective, a pioneering initiative within the Ethereum ecosystem that aims to revolutionize the funding of public goods. We will discuss key concepts such as the Superchain, Retroactive Public Goods Funding (RetroPGF), and the unique bicameral governance model that underpins this innovative project. As we delve into the details, we will highlight the importance of understanding user needs and the collaborative efforts that drive the Optimism community forward. Additionally, we will provide valuable resources and insights from thought leaders to help you gain a deeper understanding of the Optimism Collective and its vision for a brighter, more equitable future.","An overview of the Optimism Collective, including the Superchain, RetroPGF, bicameral governance, and praise from brilliant thought leaders 🌱 🔴",Yes,,
OPTOPICS,"Cagendas, Optimism Town Hall, Tools, games, public goods games",OPTOPICS is an innovative community agenda game designed to enhance discussions at the Optimism Town Hall by allowing participants to propose and vote on topics dynamically. It leverages the Respect framework to create a structured yet flexible environment for community engagement and decision-making.,"In this blog post, we introduce OPTOPICS, an innovative Cagendas game designed to enhance community engagement during events at Optimism Town Hall. OPTOPICS empowers participants to propose, vote on, and dynamically coordinate discussion topics, ensuring that the most relevant issues are addressed in real-time. By leveraging the principles of Respect from Optimism Fractal, this game promotes a more interactive and productive environment for discussions. We will explore the mechanics of how to play OPTOPICS, its developmental history, benefits, and how individuals can get involved in this collaborative community initiative.","An innovative Cagendas game that enables community members to propose, vote, and dynamically coordinate discussion topics during events. ",Yes,,
Fractalgram,"Firmament, Fractal App, ORDAO, OREC, Respect, Tools","Fractalgram is an innovative web application designed to facilitate community engagement through the Respect Game, offering both current features and a next-generation version that enhances user interaction and governance capabilities on Optimistic blockchains.","This blog post provides a comprehensive overview of Fractalgram, an innovative web application designed to facilitate community engagement through the Respect Game. The article discusses the current version of Fractalgram, its features, and the ongoing development of its next-generation app, which promises to enhance user experience with new functionalities. Readers will find insights into how Fractalgram integrates with various blockchain technologies, its open-source nature, and the collaborative efforts of its developers. Additionally, the post highlights resources for further exploration of Fractalgram and its impact on community decision-making and cooperation.",An innovative web app that helps communities play the Respect Game at community events or in asynchronous chats.,Yes,,
Cignals,Tools,"Cignals is an app in development aimed at helping communities engage in consensus games during live events, enhancing collaboration and understanding. The app allows flexible game rule creation and integrates with the concept of Respect, encouraging community participation and decision-making.","This blog post introduces Cignals, an innovative competition app currently in development aimed at enhancing community engagement through consensus games. It highlights the app's potential to facilitate better understanding and cooperation among participants at live events, such as ranking speeches and musical performances. The post outlines the app's features, including its flexible game rule configurations and integration with Respect, a soulbound token that players can earn. Additionally, it discusses the successful pilot programs conducted using Cignals and the promising feedback received from participants. The article serves as a comprehensive overview of the app's capabilities and future developments, inviting readers to explore how Cignals can empower communities.","A competition app in development to help communities play consensus games at live events with Respect, such as ranking speeches and musical performances!",Yes,,
"Firmament ",Tools,"Firmament is an innovative system designed to empower communities through fractal cooperation, consensus games, and independent community computing infrastructure, utilizing technologies such as Git and IPFS. Currently in development, it aims to help communities achieve consensus and independence with minimal reliance on external infrastructure.","This blog post introduces Firmament, an innovative system designed to empower communities through fractal cooperation and consensus mechanisms. By leveraging technologies such as Git, blockchains, and IPFS, Firmament aims to facilitate independent community computing, allowing groups to reach consensus on essential information while minimizing reliance on external infrastructure. The post covers the project's development by Tadas Vaitiekunas, its relationship with the Ethereum Virtual Machine and Optimism, and provides a collection of valuable resources related to Firmament and its associated initiatives.","A system for empowering communities with fractal cooperation, consensus games, and independent community computing infrastructure using Git and IPFS",Yes,,
Optimystics Tools,"Firmament, Fractal App, Fractalgram, ORDAO, Octant, Our Fractal Journey to Optimism, Respect, Respect Game, RetroPitches, cignals, citizens' house, contribution measurement, enhancing retropgf, impact evaluation, missions, public goods games, token house","The document outlines the tools and initiatives developed by Optimystics to empower communities through open-source software, particularly focusing on the Respect Game and fractal cooperation. It includes details on software applications, community engagement, and collaborative decision-making processes within the Optimism Fractal ecosystem.","In this blog post, we explore the innovative tools developed by Optimystics, aimed at empowering communities through open-source software and consensus games on the OP Stack. The focus is on enhancing human coordination and recognizing the contributions of public goods creators. We delve into the foundational concepts behind the Respect Game and fractal cooperation, highlighting how these tools facilitate effective collaboration and decision-making within various communities. Additionally, we discuss the ongoing development of applications and features designed to optimize community engagement and governance, showcasing the potential benefits for organizations utilizing these resources. Join us as we navigate through the impactful initiatives that are shaping the future of collaborative governance and community empowerment.","We build open-source tools for anyone to empower their community with consensus games on the OP Stack. We aim to improve human coordination and award public goods creators with Optimism. ",Yes,,
Audits,"ORDAO, OREC, Tools","This document provides an overview of the current status of audits for Optimism Fractal's open-source applications and protocols, detailing ongoing audits, potential future audits, and the importance of ensuring software security as the community grows.","This blog post provides a comprehensive overview of the current audit status for Optimism Fractal’s open-source applications and protocols. It discusses the importance of conducting audits to ensure the security and reliability of the software being developed by the Optimism Fractal community. The post outlines the existing audit processes, potential upcoming audits, and the communication efforts made by the team to encourage participation in the auditing cycle. Additionally, it highlights the integration of the Hats Protocol and the use of Snapshot as a governance tool within the community. Overall, this post aims to inform readers about the proactive measures being taken to enhance the security and functionality of Optimism Fractal's software.",An overview of the current status of audits for Optimism Fractal’s open-source applications and protocols.,Yes,,
Missions,"Optimism Missions, RetroPGF, citizens' house, contribution measurement, enhancing retropgf, funding, governance, impact evaluation, missions, token house","This document outlines the ongoing initiatives and proposals related to Missions and Mission Requests within the Optimism Collective, particularly focusing on Optimism Fractal. It includes updates on Mission Requests, descriptions of past and upcoming events, and information on funding opportunities for community-driven projects.","In this blog post, we explore the ongoing initiatives and proposals related to Missions and Mission Requests within the Optimism Collective, particularly focusing on the Optimism Fractal. We provide a comprehensive overview of the objectives and strategies employed in the current season, including updates on Mission Proposals and the feedback received from the Grants Council. The post highlights key discussions, upcoming events, and opportunities for community involvement, as well as the importance of collaboration to support public goods and enhance community engagement. As we delve into the details, readers will gain insights into the progress and future directions of the Optimism Missions, making this a valuable resource for anyone interested in contributing to the goals of the Optimism Collective.",An overview of the ongoing initiatives and proposals related to Missions and Mission Requests within the Optimism Collective related to Optimism Fractal,Yes,,
Optimism Fractal Development Hub,"Fractal App, Fractalgram, ORDAO, OREC, Respect Game, Respect Games App, Tools, op fractal stack","The Optimism Fractal Development Hub is a collaborative space and educational resource designed for developers interested in building with the Optimism Fractal. It offers access to projects, tasks, and various resources to facilitate technical development and community engagement.","In this blog post, we introduce the Optimism Fractal Development Hub, a collaborative space designed to support developers interested in creating with Optimism Fractal. This hub serves as an educational resource, offering a variety of projects, tasks, and essential information for developers. We discuss the importance of community involvement, the opportunities available for contribution, and the resources provided within the hub. Additionally, we outline the potential funding opportunities for developers who make a positive impact on the Optimism Collective. Join us as we explore how you can engage with this vibrant community and contribute to the exciting developments happening within the Optimism Fractal ecosystem.","A collaborative space and educational resource for developers who are interested in building with Optimism Fractal. It includes projects, tasks, and info related to Optimism Fractal development.",Yes,,
Optimism Fractal Council,Tools,The Optimism Fractal Council is an innovative governance body that leverages the principle of Respect to enhance collective decision-making and manage the Superchain through a fractal democracy approach.,"This blog post explores the Optimism Fractal Council, a groundbreaking governance structure designed to enhance collective decision-making through the principle of Respect. It delves into how this council aims to coordinate the Superchain using the innovative concept of fractal democracy, thereby fostering a more inclusive and participatory governance model. Readers will gain insights into the council's mission, its operational framework, and its significance in the broader context of decentralized governance.","A pioneering governance body that uses Respect to empower collective decision-making and coordinate the Superchain with fractal democracy. ",Yes,,https://optimismfractal.com/council
First Generation OPF Software,Tools,"This document provides an overview of the first generation of Optimism Fractal software developed by Optimystics, which includes an open-source toolset for the Respect Game. It highlights the features of the toolset and encourages community engagement through various resources.","In this blog post, we delve into the first generation of Optimism Fractal software, developed by Optimystics in late 2023. This software includes a comprehensive open-source toolset designed specifically for facilitating the Respect Game, a unique approach to community engagement and contribution. We explore the features of the toolset, its practical applications, and the benefits it brings to users. Additionally, we provide insight into how these tools empower individuals to collaborate effectively while having fun. Join us as we outline the capabilities of this innovative software and its role in shaping community dynamics.","An overview of the first generation of Optimism Fractal software developed by Optimystics in late 2023, which includes an open-source toolset designed for the Respect Game.",Yes,,
Inspirations for our Software Design,Tools,"This document outlines the inspirations behind the Optimism Fractal software, highlighting innovative concepts and projects that have influenced its design. It emphasizes the importance of collective decision-making and provides links to related resources and websites for further exploration.","In this blog post, we explore the various inspirations behind the design of our software at Optimism Fractal. We delve into the innovative concepts and projects that have shaped our vision, highlighting how they contribute to our mission of fostering a more equitable society. This overview not only showcases the foundational ideas that drive our work but also invites readers to engage with the resources and communities that align with our goals. Join us as we navigate through these inspirations and consider how they pave the way for the future of collective decision-making and fractal democracy.",An overview innovative concepts and projects that inspired Optimism Fractal software.,Yes,,
Optimism Fractal Hats Tree,"Fractalgram, Tools","The document discusses the Optimism Fractal Hats Tree, a project that won the grand prize at the Hats Protocol Hatathon, emphasizing its role in enhancing decision-making through programmable on-chain roles. It highlights the collaboration between Dan and Jacob Homanics in developing this project and outlines how users can claim hats based on their earned Respect.","In this blog post, we delve into the Optimism Fractal Hats Tree, a groundbreaking project that emerged as a co-winner of the inaugural Hats Protocol Hatathon. This innovative initiative enhances decision-making processes through the implementation of programmable on-chain roles, utilizing the concept of ""Respect"" within the community. We will explore the significance of this project, the collaborative efforts behind its creation, and how it provides new powers for participants in the Optimism Fractal ecosystem. Join us as we unpack the details of this remarkable achievement and its implications for future integrations with the Hats Protocol.","A look into the Optimism Fractal Hats Tree, highlighting its significance in enhancing decision-making through programmable on-chain roles with Respect.",Yes,,
"Optimism Fractal Missions, Season 5","2023, 2024, Optimism Missions, missions, token house","This document outlines mission requests and ideas for the Optimism Collective in December 2023, with a focus on enhancing the RetroPGF review process and brainstorming new mission concepts. It invites feedback and collaboration from the community.","In this blog post, we outline our mission requests and innovative ideas for the Optimism Collective as we approach December 2023. Our primary focus is on enhancing the RetroPGF review process, a critical aspect that requires attention and refinement. Additionally, we present a variety of brainstorming ideas aimed at attracting builders, creators, and a diverse range of participants to strengthen the Optimism ecosystem. We invite our readers to engage with these concepts, provide feedback, and join us in our mission to foster growth and collaboration within the community.","An outline our mission requests and ideas for the Optimism Collective in December 2023, focusing on improving the RetroPGF review process and brainstorming mission ideas.",Yes,,