﻿Name,Tags,Eden Fractal Site Database,Optimism Fractal Website Pages,Rollup,Text
EF 70,Eden Fractal,,Optimism Fractal (https://www.notion.so/Optimism-Fractal-e5110efeeb9e49a397ab20a9d9c6b571?pvs=21),"Optimism Fractal is a community focused on collaboration, supporting public good creators, and optimizing governance on the Optimism Superchain. It offers resources for learning, project collaboration, and community engagement through events and a Discord channel. Members can contribute to projects and tasks, and the community is encouraged to participate in discussions and activities to foster growth and collaboration.",What is OF and EF? Here we speak about OF and EF!
EF 69,Eden Fractal,,,,What is OF and EF? Here we speak about OF and EF!
EF 68,Eden Fractal,,,,What is OF and EF? Here we speak about OF and EF!
EF 67,Eden Fractal,,,,What is OF and EF? Here we speak about OF and EF!
EF 66,Eden Fractal,,,,What is OF and EF? Here we speak about OF and EF!