﻿Name,Displays on Pages:,AI summary,AI summary 1,Description,Published?,URL,super:Link
Intro to Optimism,"EF 66, Intro to Optimism, Our Fractal Journey to Optimism, Roots of Optimism Fractal","This document introduces the Optimism Collective, a community focused on rewarding public goods and fostering a sustainable future through innovative projects. It includes details about the Optimism Fractal proposal, its alignment with Eden Fractal's values, and resources for further exploration.","In this blog post, we delve into the concept of Optimism and its transformative potential within the decentralized community landscape. The Optimism Collective is introduced as a pioneering initiative aimed at rewarding public goods and fostering a sustainable future for the open internet. We explore the significant developments within this new community, including its alignment with Eden Fractal's values, and discuss key innovations such as RetroPGF and the Superchain. Additionally, we highlight the importance of collaborative tools and games in empowering communities and enhancing mechanisms for funding public goods. Join us as we embark on an enlightening journey through the principles and projects driving the Optimism ecosystem.",The Optimism Collective is a new type of community designed to reward public goods and build a sustainable future for all 🔴 ✨,Yes,,
Optimism Fractal Grant Proposal,"2023, EF 67, Optimism Missions, Roots of Optimism Fractal, missions","The Optimism Fractal Grant Proposal seeks to enhance the Optimism Collective by developing collaborative games, tools, and shows, as outlined in their mid-2023 initiative. This proposal is part of a broader vision to foster synergies within the Optimism community.","In this blog post, we explore the Optimism Fractal Grant Proposal, a groundbreaking initiative aimed at enhancing the Optimism Collective through innovative collaborative games, tools, and shows. Originally proposed in mid-2023, this initiative seeks to foster community engagement and creativity within the Optimism ecosystem. We will discuss the key elements of the proposal, its intended impact on the community, and how it aligns with the broader goals of the Optimism Fractal. Join us as we delve into the vision that drives this exciting endeavor and the synergies that are emerging in the vibrant Optimism city.","The Optimism Fractal proposal from mid-2023 aimed to empower the Optimism Collective with the next generation of collaborative games, tools, and shows at Optimism Fractal",Yes,,
A History of Fractal Communities,"Intro to Optimism, Octant, Respect, Respect Game, Roots of Optimism Fractal, public goods games","This document explores the history and development of fractal communities, particularly focusing on the Optimism Fractal initiative, which aims to foster collaboration and public good creation through innovative governance processes. It outlines the contributions of key figures in the field and highlights the potential benefits of these communities for collective growth and cooperation.","This blog post delves into the rich history and evolution of fractal communities, culminating in the formation of Optimism Fractal. It highlights the foundational concepts and key figures that have shaped the development of fractal democracy, including the pioneering work of Daniel Larimer. The article explores how these communities have thrived through innovative frameworks and collaborative practices, emphasizing the profound benefits they offer to participants and the broader ecosystem. Readers will gain insights into the journey of fractal communities, their successes, challenges, and the exciting future that lies ahead as they continue to foster cooperation and public good creation.",Explore the history of fractal communities that led to Optimism Fractal with hundreds of builders for over three years. This article provides an overview of our past work and how these fractal innovations can create profound benefits for all.,Yes,,
Growing Optimism with Eden Fractal,"EF 67, Intro to Optimism, Roots of Optimism Fractal","""Growing Optimism with Eden Fractal"" is a new educational video series that explores the principles and stories behind the Optimism Collective, aiming to inspire and share practical insights for a brighter future. The series was developed during live events with community leaders and Web3 pioneers and features episodes available on YouTube.","In this blog post, we are excited to introduce our new educational video series, ""Growing Optimism with Eden Fractal."" This series aims to explore the rich concepts of the Optimism Collective, showcasing inspiring stories and practical insights that can help us all contribute to a brighter future. Through various episodes, viewers will engage with thought-provoking content that emerged from live events featuring community leaders and Web3 pioneers. Join us as we embark on this enlightening journey that promises to uplift and educate!","We’re pleased to release ""Growing Optimism with Eden Fractal,” our new educational video series that explores the Optimism Collective to shape a brighter future for all! 🌱❣️ 🌞",Yes,,
Optimism Fractal and Optimism Grants Council,"2023, EF 68, Optimism Missions, Roots of Optimism Fractal, missions","This article shares insights and experiences from a proposal made to the Optimism Grants Council for launching Optimism Fractal, summarizing key takeaways from a live discussion during the 68th Eden Fractal meeting.","In this blog post, we delve into our journey of proposing the Optimism Fractal to the Optimism Grants Council. We reflect on our learnings and experiences from the process, highlighting key discussions held during the 68th Eden Fractal meeting. This article aims to provide insights into the motivations behind the Optimism Fractal initiative, the community's engagement, and the potential impact of our proposal. Whether you're a seasoned member of the Optimism Collective or a newcomer, this overview will guide you through the essential elements of our mission and the collaborative spirit that drives us forward.",We share our learnings and experience making a proposal for the Optimism Grants Council to start Optimism Fractal! 🌻,Yes,,
Sowing Optimism Fractal,"2023, EF 69, Optimism Missions, Roots of Optimism Fractal, missions","The ""Sowing Optimism Fractal"" discusses the efforts of the Optimystics in nurturing the Optimism Fractal initiative to foster a more regenerative society through the Optimism Collective. It highlights their dedication to crafting impactful projects and educational efforts.","In this blog post, we explore the journey of nurturing the Optimism Fractal and its mission to educate individuals about the Optimism Collective. Through a series of initiatives aimed at fostering a more regenerative society, the Optimystics dedicate their efforts to crafting impactful projects that promote optimism and sustainability. Join us as we delve into the various aspects of the Optimism Fractal and its significance in creating a brighter future for all.",A story of nurturing Optimism Fractal and educating about the Optimism Collective to create more regenerative society 🪴,Yes,,