﻿Name,Tags,Description
Optimism Fractal,Events and Shows,A community dedicated to fostering collaboration and awarding public goods creators in the Optimism Collective.
"OP Fractal Stack 2.0 ",Tools,The next generation of an open source toolset that enables anyone to grow their community by playing the Respect Game on Optimism.
Eden Fractal,Events and Shows,A community pioneering coordination games and fractal democracy
Firmament,Tools,A community cooperating system for independent computing infrastructure
Fractal App,Tools,A comprehensive web app for fractal communities
Respect Trees,Tools,"A primitive that uses community respect points with a simple tree structure to organize group thoughts, track priorities, and achieve shared goals."
Ethereum Fractal,Events and Shows,A community with weekly meetings using the Respect Game to grow Ethereum. Built on the OP Mainnet and attracting innovators from throughout Ethereum.
Optimism Town Hall,Events and Shows,An open community forum and interactive show featuring the latest news and innovations in the Optimism Collective
Cignals,Tools,An app that helps communities coordinate for mutual benefit with onchain attestations in fun events.
Creator Talk,Events and Shows,"A talk show about creativity, collaboration, and Optimism"
Fractal Apple/Sunny Show,Events and Shows,An educational and musical live show about public goods in Optimism
Community Stories,Events and Shows,"An innovative show exploring perspectives about communities, social structures and more"
OP TV,Events and Shows,A weekly show featuring the top news and entertainment in the Optimism Collective
Cagendas,Tools,"A social coordination game that helps communities create agendas, choose discussion topics, and make decisions together"
Eden Elections,,"An elegant process for electing delegates in fun, interactive meetings"