﻿Name,Assign,Checked,Intent,Status,Status 1,Status 2,Summary
Improve RetroPGF Review Process: Mission Request Draft,,No,Intent 4: Improve governance accessibility,Not started,Not started,Not started,"This document is a draft mission request to improve the RetroPGF review process. The request aims to enhance the efficiency and accessibility of the review process, reduce burden on badgeholders, and increase discoverability for applicants. The mission request outlines various ways to achieve these goals, such as creating better systems for impact evaluation, developing user interfaces, and providing resources for applicants. The document also highlights the importance of measuring progress and impact, as well as the role of the Governance Fund in supporting this mission."
"Organize Optimism Builders Networking Events ",,No,Intent 2: Grow the Superchain,Not started,Not started,Not started,"This document outlines a mission request to organize optimism builders networking events with the intent to grow the Superchain. The request includes a description, alternate names, and specifications for executing the mission. It aligns with Intent 2 of the Collective and proposes the use of the Governance Fund to support developer growth on OP Mainnet. The document also provides examples of delegate mission requests and mentions the importance of measuring active builders on the Superchain."
"Draw 250 People to Interactive Optimism Events ",,No,Intent 3: Improve the Consumer Experience,Not started,Not started,Not started,"This document outlines a mission request to draw 250 people to interactive optimism events. The request aligns with Intent 3: Improve the Consumer Experience. The document includes specifications, responsibilities, expected deliverables, measures of progress, and measures of impact. The mission request will be supported by the Governance Fund."
Create a Collaborative Space for Superchain Developers,,No,Intent 2: Grow the Superchain,Not started,Not started,Not started,"This document outlines a mission request to create a collaborative space for Superchain developers. The request aligns with the intent to grow the Superchain and includes specifications, responsibilities, and measures of progress and impact. The document also mentions the focus on developer growth across the Superchain and the support provided by the Governance Fund."
Create Sybil Resistant Social Graph with Attestations at Events ,,No,Intent 1: Progress towards technical decentralization,Not started,Not started,Not started,"This document is a mission request for creating a Sybil resistant social graph with attestations at events. The request aligns with Intent 1: Progress towards technical decentralization. The proposal is for Tier 7 and the completion date is not specified. The document includes specifications, required deliverables, measures of progress, and measures of impact upon completion."
Create RetroPGF Applicant Competition or Tournament,,No,"Intent 3: Improve the Consumer Experience, Intent 4: Improve governance accessibility",Not started,Not started,Not started,This document outlines a delegate mission request to create a RetroPGF applicant competition or tournament. The request aligns with Intent 3 to improve the consumer experience and Intent 4 to improve governance accessibility. The mission aims to onboard more users to the Optimism network and prioritize accessibility in the governance process. Specific measurements and examples of delegate mission requests are provided.
Create a Gameshow featuring Superchain Builders,,No,Intent 2: Grow the Superchain,Not started,Not started,Not started,"This document outlines a mission request to create a gameshow featuring Superchain Builders. The request aligns with the intent to grow the Superchain and proposes a baseline grant amount for executing the mission. The document also includes specifications and instructions for submitting applications. Additionally, it mentions the intent to grow the Superchain by focusing on developer growth and provides measurements for tracking progress and impact."
Create Video Series Spotlighting Optimism Community Members,,No,Intent 3: Improve the Consumer Experience,Not started,Not started,Not started,"This document outlines a mission request to create a video series spotlighting Optimism community members. The request aligns with Intent 3: Improve the Consumer Experience and aims to onboard more users to the Optimism network by showcasing practical use cases and enhancing the user experience. The document provides details on the mission request, required deliverables, measures of progress, and impact. It also mentions the involvement of a Grant-as-a-service provider and contributions from other individuals."
Create Video Series Spotlighting Superchain Developers,,No,Intent 2: Grow the Superchain,Not started,Not started,Not started,"This document outlines a mission request to create a video series spotlighting Superchain developers. The intent is to grow the Superchain and attract more builders to Optimism networking events. The document provides details on the mission request, including responsibilities, expected deliverables, and measures of progress and impact. The request aligns with Intent 2 of growing the Superchain. The completion date and submission details are yet to be determined by the Grants Council."
"Create a Gameshow featuring Optimism Community Members ",,No,Intent 3: Improve the Consumer Experience,Not started,Not started,Not started,"This document outlines a mission request to create a gameshow featuring Optimism community members. The request aligns with Intent 3 to improve the consumer experience and aims to onboard more users to the Optimism network. The document provides specifications and requirements for executing the mission, as well as measurements of progress and impact. It also mentions the involvement of a grant-as-a-service provider and potential contributions from other individuals."
"Organize EVM Builders Networking Events on Optimism ",,No,Intent 2: Grow the Superchain,Not started,Not started,Not started,"This document outlines a mission request to organize EVM Builders networking events on Optimism, aligning with the intent to grow the Superchain. The request includes specifications, responsibilities, and expected deliverables. The document also mentions the focus on developer growth across the Superchain and the support provided by the Governance Fund."
"Organize Optimism Community Networking Events ",,No,Intent 3: Improve the Consumer Experience,Not started,Not started,Not started,"This document outlines a mission request to organize optimism community networking events. The request aligns with Intent 3 to improve the consumer experience on the Optimism network. The mission aims to onboard more users by making it easier to engage with practical use cases. The document includes specifications, responsibilities, and measures of progress and impact."
Create Weekly News Show about Optimism,,No,"Intent 2: Grow the Superchain, Intent 3: Improve the Consumer Experience, Intent 4: Improve governance accessibility",Not started,Not started,Not started,"This document outlines a mission request to create a weekly news show about optimism, aligning with the intent to improve governance accessibility and grow the Superchain. The request includes specifications, responsibilities, and measures of progress and impact. The document also mentions the importance of accessibility in Optimism's governance system and provides examples of delegate mission requests that support this intent. Additionally, it highlights the focus on developer growth across the Superchain and provides examples of delegate mission requests that align with this intent."
Create Musical Show about Optimism,,No,Intent 3: Improve the Consumer Experience,Not started,Not started,Not started,"This document outlines a mission request to create a musical show about optimism. The request aligns with Intent 3: Improve the Consumer Experience. The document provides details on the mission request, including its scope, responsibilities, and expected deliverables. The Token House will measure progress and impact, and the completion date is to be determined. The document also mentions the engagement of a Grant-as-a-service provider and the contribution of other individuals to the mission request."
Organize Support Groups for Superchain Builders,,No,Intent 2: Grow the Superchain,Not started,Not started,Not started,"This document outlines a mission request to organize support groups for Superchain builders. The request aligns with the intent of growing the Superchain and aims to support developer growth across the Optimism ecosystem. The document provides details on the mission request, including responsibilities, expected deliverables, and measures of progress and impact. The Governance Fund will support mission requests that advance developer growth on OP Mainnet. Examples of delegate mission requests include builder and growth incentive grants, interoperability research, and developer tooling improvements."
Create News and Entertainment show about Optimism,,No,Intent 3: Improve the Consumer Experience,Not started,Not started,Not started,"This document outlines a mission request to create a news and entertainment show about optimism. The request aligns with Intent 3: Improve the Consumer Experience. The document provides details on the mission request, including the required execution, measures of progress, and impact. The completion date and submission details are to be determined by the Grants Council."
Build Tools to Coordinate Superchain Development,,No,Intent 2: Grow the Superchain,Not started,Not started,Not started,"This document outlines a delegate mission request for building tools to coordinate the development of the Superchain. The request aligns with the intent of growing the Superchain and includes specifications, responsibilities, and expected deliverables. The document also mentions the Governance Fund's support for developer growth on OP Mainnet and across the Superchain."
Create RetroPGF UI with application sorting based on community attestations,,No,Intent 4: Improve governance accessibility,Not started,Not started,Not started,"This document outlines a mission request to improve governance accessibility for RetroPGF. The request aims to make it easier for badgeholders to understand impact, reduce burden, and make it easier for projects to get discovered. The document also includes information about the intent, measurements, and examples of delegate mission requests related to governance accessibility."
"Create Superchain Development Competition or Tournament ",,No,Intent 2: Grow the Superchain,Not started,Not started,Not started,"This document outlines a mission request to create a Superchain development competition or tournament. The request aligns with the intent to grow the Superchain and aims to support developer growth across the entire Collective. The document provides details on the mission request, including responsibilities, expected deliverables, and measures of progress and impact. The Governance Fund will support developer growth on OP Mainnet, while RetroPGF and other mechanisms will support the growth of individual OP Chain ecosystems."
"Create podcast about Optimism that draws 1,000 listeners  ",,No,"Intent 3: Improve the Consumer Experience, Intent 4: Improve governance accessibility",Not started,Not started,Not started,"This document outlines a mission request to create a podcast about optimism that draws 1,000 listeners. It aligns with Intent 3: Improve the Consumer Experience and Intent 4: Improve governance accessibility. The document provides details on the mission request, including the required execution, measures of progress, and impact. The Governance Fund will support mission requests that advance these intents."
,,No,,Not started,Not started,Not started,No content