﻿Name,Displays on Pages:,AI summary,AI summary 1,Description,Published?,URL,super:Link
Missions,"Optimism Missions, RetroPGF, citizens' house, contribution measurement, enhancing retropgf, funding, governance, impact evaluation, missions, token house","This document outlines the ongoing initiatives and proposals related to Missions and Mission Requests within the Optimism Collective, particularly focusing on Optimism Fractal. It includes updates on Mission Requests, descriptions of past and upcoming events, and information on funding opportunities for community-driven projects.","In this blog post, we explore the ongoing initiatives and proposals related to Missions and Mission Requests within the Optimism Collective, particularly focusing on the Optimism Fractal. We provide a comprehensive overview of the objectives and strategies employed in the current season, including updates on Mission Proposals and the feedback received from the Grants Council. The post highlights key discussions, upcoming events, and opportunities for community involvement, as well as the importance of collaboration to support public goods and enhance community engagement. As we delve into the details, readers will gain insights into the progress and future directions of the Optimism Missions, making this a valuable resource for anyone interested in contributing to the goals of the Optimism Collective.",An overview of the ongoing initiatives and proposals related to Missions and Mission Requests within the Optimism Collective related to Optimism Fractal,Yes,,
RetroPGF and Optimism Grants,"2023, EF 68, Optimism Missions, RetroPGF, missions","This article explores various grant opportunities within the Optimism ecosystem, including RetroPGF and the Grants Council, and shares insights from a live discussion among community leaders. It serves as an overview for those interested in funding opportunities and community engagement within Optimism.","In this blog post, we delve into the various grant opportunities available within the Optimism ecosystem, highlighting key programs such as RetroPGF and the Grants Council. Designed to support innovative projects and initiatives, these grants aim to foster growth and collaboration within the community. We also reflect on insights gathered during a live discussion with community leaders, offering valuable perspectives on the potential impact of these grants. Join us as we explore how these resources can help drive progress and innovation in the world of Optimism.","We explore a plethora of grant opportunities in the Optimism ecosystem, including RetroPGF, the Grants Council, and more!",Yes,,
Optimism Fractal and Optimism Grants Council,"2023, EF 68, Optimism Missions, Roots of Optimism Fractal, missions","This article shares insights and experiences from a proposal made to the Optimism Grants Council for launching Optimism Fractal, summarizing key takeaways from a live discussion during the 68th Eden Fractal meeting.","In this blog post, we delve into our journey of proposing the Optimism Fractal to the Optimism Grants Council. We reflect on our learnings and experiences from the process, highlighting key discussions held during the 68th Eden Fractal meeting. This article aims to provide insights into the motivations behind the Optimism Fractal initiative, the community's engagement, and the potential impact of our proposal. Whether you're a seasoned member of the Optimism Collective or a newcomer, this overview will guide you through the essential elements of our mission and the collaborative spirit that drives us forward.",We share our learnings and experience making a proposal for the Optimism Grants Council to start Optimism Fractal! 🌻,Yes,,
Unfolding RetroPGF and Optimism Grants,"EF 67, Optimism Missions, RetroPGF, missions","This document discusses grant opportunities within the Optimism ecosystem, highlighting the funding of public goods creators aligned with the principle of Impact=Profit.","In this blog post, we delve into the exciting world of grant opportunities available within the Optimism ecosystem. With a focus on the Unfolding RetroPGF initiative, we’ll explore how these grants can support public goods creators and foster innovative projects. Our discussion emphasizes the principle that impact can drive profit, highlighting the potential for positive change through funding. Join us as we uncover the various ways to engage with and benefit from these unique financial opportunities.",An exploration of the amazing grant opportunities within the Optimism ecosystem!,Yes,,
Optimism Fractal Grant Proposal,"2023, EF 67, Optimism Missions, Roots of Optimism Fractal, missions","The Optimism Fractal Grant Proposal seeks to enhance the Optimism Collective by developing collaborative games, tools, and shows, as outlined in their mid-2023 initiative. This proposal is part of a broader vision to foster synergies within the Optimism community.","In this blog post, we explore the Optimism Fractal Grant Proposal, a groundbreaking initiative aimed at enhancing the Optimism Collective through innovative collaborative games, tools, and shows. Originally proposed in mid-2023, this initiative seeks to foster community engagement and creativity within the Optimism ecosystem. We will discuss the key elements of the proposal, its intended impact on the community, and how it aligns with the broader goals of the Optimism Fractal. Join us as we delve into the vision that drives this exciting endeavor and the synergies that are emerging in the vibrant Optimism city.","The Optimism Fractal proposal from mid-2023 aimed to empower the Optimism Collective with the next generation of collaborative games, tools, and shows at Optimism Fractal",Yes,,
Sowing Optimism Fractal,"2023, EF 69, Optimism Missions, Roots of Optimism Fractal, missions","The ""Sowing Optimism Fractal"" discusses the efforts of the Optimystics in nurturing the Optimism Fractal initiative to foster a more regenerative society through the Optimism Collective. It highlights their dedication to crafting impactful projects and educational efforts.","In this blog post, we explore the journey of nurturing the Optimism Fractal and its mission to educate individuals about the Optimism Collective. Through a series of initiatives aimed at fostering a more regenerative society, the Optimystics dedicate their efforts to crafting impactful projects that promote optimism and sustainability. Join us as we delve into the various aspects of the Optimism Fractal and its significance in creating a brighter future for all.",A story of nurturing Optimism Fractal and educating about the Optimism Collective to create more regenerative society 🪴,Yes,,
Optimystics Tools,"Firmament, Fractal App, Fractalgram, ORDAO, Octant, Our Fractal Journey to Optimism, Respect, Respect Game, RetroPitches, cignals, citizens' house, contribution measurement, enhancing retropgf, impact evaluation, missions, public goods games, token house","The document outlines the tools and initiatives developed by Optimystics to empower communities through open-source software, particularly focusing on the Respect Game and fractal cooperation. It includes details on software applications, community engagement, and collaborative decision-making processes within the Optimism Fractal ecosystem.","In this blog post, we explore the innovative tools developed by Optimystics, aimed at empowering communities through open-source software and consensus games on the OP Stack. The focus is on enhancing human coordination and recognizing the contributions of public goods creators. We delve into the foundational concepts behind the Respect Game and fractal cooperation, highlighting how these tools facilitate effective collaboration and decision-making within various communities. Additionally, we discuss the ongoing development of applications and features designed to optimize community engagement and governance, showcasing the potential benefits for organizations utilizing these resources. Join us as we navigate through the impactful initiatives that are shaping the future of collaborative governance and community empowerment.","We build open-source tools for anyone to empower their community with consensus games on the OP Stack. We aim to improve human coordination and award public goods creators with Optimism. ",Yes,,
"Optimism Fractal Missions, Season 5","2023, 2024, Optimism Missions, missions, token house","This document outlines mission requests and ideas for the Optimism Collective in December 2023, with a focus on enhancing the RetroPGF review process and brainstorming new mission concepts. It invites feedback and collaboration from the community.","In this blog post, we outline our mission requests and innovative ideas for the Optimism Collective as we approach December 2023. Our primary focus is on enhancing the RetroPGF review process, a critical aspect that requires attention and refinement. Additionally, we present a variety of brainstorming ideas aimed at attracting builders, creators, and a diverse range of participants to strengthen the Optimism ecosystem. We invite our readers to engage with these concepts, provide feedback, and join us in our mission to foster growth and collaboration within the community.","An outline our mission requests and ideas for the Optimism Collective in December 2023, focusing on improving the RetroPGF review process and brainstorming mission ideas.",Yes,,