﻿Name,Displays on Pages:,AI summary,AI summary 1,Description,Published?,URL,super:Link
The Respect Game,"Cagendas, Fractal App, Octant, Optimism Town Hall, Our Fractal Journey to Optimism, RetroPitches, Tools, cignals, enhancing retropgf, public goods games","The Respect Game is an onchain social game designed to foster community growth by allowing participants to share, rank, and earn respect for their contributions. It promotes collaborative engagement and recognizes individual efforts within the Optimism network.","The Respect Game is an innovative onchain social game designed to foster community growth and engagement. This blog post delves into the mechanics of the game, outlining how participants can contribute, rank each other's efforts, and earn respect points based on their contributions to the Optimism community. It emphasizes the importance of collaboration, transparency, and recognition within the community, showcasing how the Respect Game operates on the principles of consensus and collective participation. Whether you're a seasoned player or new to the concept, this overview will guide you through the core elements of the Respect Game and highlight the benefits of joining in on the fun.",The Respect Game is an onchain social game that anyone can play to grow their community. This profoundly helpful consensus game is at the heart of Optimism Fractal and our work at Optimystics.,Yes,,
Public Goods Games,"Cagendas, Octant, Optimism Town Hall, Our Fractal Journey to Optimism, Respect, Respect Game, RetroPitches, cignals, games, optopics","This document discusses Public Goods Games, a concept that fosters collaboration and coordination among creators to support the Optimism Collective. It highlights various games, their purposes, and how they can help promote public goods and engage communities.","In this blog post, we explore the innovative concept of Public Goods Games, designed to foster collaboration and creativity within the Optimism Collective. Similar to the Olympic Games, these tournaments invite talented creators to compete, collaborate, and contribute towards the common good, enhancing community engagement and public goods development. We delve into various aspects, including the mechanics of the Respect Game, the exciting format of RetroPitches, and how these games can empower individuals and communities alike. Join us as we uncover the potential of these games to create meaningful impact and promote a thriving ecosystem for public goods creation.","Imagine epic tournaments where talented creators compete, collaborate, and coordinate to help the Optimism Collective. Like the Olympic Games, but for creating public goods. ",Yes,,
Optimism Town Hall,"Cagendas, optimism fractal season 3, optopics","The document outlines the Optimism Town Hall, a weekly event designed for collaborative discussions about the Optimism Superchain, where participants engage in interactive games to propose and prioritize topics. It emphasizes community involvement, governance discussions, and the innovative Cagendas game for setting agendas democratically.","The Optimism Town Hall is a groundbreaking weekly event designed to foster impactful and interactive discussions surrounding the Optimism ecosystem. This post explores the objectives and structure of the Town Hall, emphasizing its role as a collaborative forum for community members to engage in governance discussions and prioritize topics through innovative agenda-setting games like Cagendas. Readers will learn about the unique features of the Town Hall, including its integration with the Optimism Fractal community and the use of onchain reputation tokens to facilitate democratic dialogue. Join us as we delve into the exciting potential of the Optimism Town Hall to shape the future of community coordination and governance.","A new weekly event and collaborative forum dedicated to hosting impactful, interactive, and respectful conversations about Optimism.",Yes,,
Respect,"Cagendas, Fractal App, ORDAO, OREC, Optimism Town Hall, Respect Game, Respect Games App, Tools, optopics","The document discusses the concept of ""Respect,"" a mystical soulbound token that acknowledges individual contributions within a community through the Respect Game, promoting decentralized reputation, collaboration, and collective decision-making. It outlines how Respect serves as a powerful tool for fostering engagement, recognizing public goods creators, and enhancing democratic processes in community governance.","In this blog post, we explore the concept of ""Respect,"" a unique non-transferable token designed to acknowledge and reward the contributions individuals make within their communities. As a pivotal element of the Respect Game, this token serves as a decentralized reputation system that not only promotes collaboration but also facilitates collective decision-making. We delve into the mechanics of the Respect Game, how it functions within the Optimism Fractal community, and the profound implications it has for democratic governance and recognition. By transforming the abstract notion of respect into a tangible asset, this initiative aims to foster a culture of appreciation and engagement, ultimately enhancing the collaborative spirit among community members. Join us as we uncover the potential of Respect in revolutionizing community interactions and decision-making processes.","A mystical soulbound token that represents an opinion to acknowledge the contributions and impact individuals make within a community, serving as a decentralized reputation system and promoting participation.",Yes,,
OPTOPICS,"Cagendas, Optimism Town Hall, Tools, games, public goods games",OPTOPICS is an innovative community agenda game designed to enhance discussions at the Optimism Town Hall by allowing participants to propose and vote on topics dynamically. It leverages the Respect framework to create a structured yet flexible environment for community engagement and decision-making.,"In this blog post, we introduce OPTOPICS, an innovative Cagendas game designed to enhance community engagement during events at Optimism Town Hall. OPTOPICS empowers participants to propose, vote on, and dynamically coordinate discussion topics, ensuring that the most relevant issues are addressed in real-time. By leveraging the principles of Respect from Optimism Fractal, this game promotes a more interactive and productive environment for discussions. We will explore the mechanics of how to play OPTOPICS, its developmental history, benefits, and how individuals can get involved in this collaborative community initiative.","An innovative Cagendas game that enables community members to propose, vote, and dynamically coordinate discussion topics during events. ",Yes,,