﻿Name,Displays on Pages:,AI summary,AI summary 1,Description,Published?,URL,super:Link
The Respect Game,"Cagendas, Fractal App, Octant, Optimism Town Hall, Our Fractal Journey to Optimism, RetroPitches, Tools, cignals, enhancing retropgf, public goods games","The Respect Game is an onchain social game designed to foster community growth by allowing participants to share, rank, and earn respect for their contributions. It promotes collaborative engagement and recognizes individual efforts within the Optimism network.","The Respect Game is an innovative onchain social game designed to foster community growth and engagement. This blog post delves into the mechanics of the game, outlining how participants can contribute, rank each other's efforts, and earn respect points based on their contributions to the Optimism community. It emphasizes the importance of collaboration, transparency, and recognition within the community, showcasing how the Respect Game operates on the principles of consensus and collective participation. Whether you're a seasoned player or new to the concept, this overview will guide you through the core elements of the Respect Game and highlight the benefits of joining in on the fun.",The Respect Game is an onchain social game that anyone can play to grow their community. This profoundly helpful consensus game is at the heart of Optimism Fractal and our work at Optimystics.,Yes,,
Respect,"Cagendas, Fractal App, ORDAO, OREC, Optimism Town Hall, Respect Game, Respect Games App, Tools, optopics","The document discusses the concept of ""Respect,"" a mystical soulbound token that acknowledges individual contributions within a community through the Respect Game, promoting decentralized reputation, collaboration, and collective decision-making. It outlines how Respect serves as a powerful tool for fostering engagement, recognizing public goods creators, and enhancing democratic processes in community governance.","In this blog post, we explore the concept of ""Respect,"" a unique non-transferable token designed to acknowledge and reward the contributions individuals make within their communities. As a pivotal element of the Respect Game, this token serves as a decentralized reputation system that not only promotes collaboration but also facilitates collective decision-making. We delve into the mechanics of the Respect Game, how it functions within the Optimism Fractal community, and the profound implications it has for democratic governance and recognition. By transforming the abstract notion of respect into a tangible asset, this initiative aims to foster a culture of appreciation and engagement, ultimately enhancing the collaborative spirit among community members. Join us as we uncover the potential of Respect in revolutionizing community interactions and decision-making processes.","A mystical soulbound token that represents an opinion to acknowledge the contributions and impact individuals make within a community, serving as a decentralized reputation system and promoting participation.",Yes,,
Fractal Apps,"Fractalgram, ORDAO, Respect Games, Tools","This document provides an overview of the Optimism Fractal Apps, which facilitate community governance and decision-making through innovative tools like ORDAO, Fractalgram, and the Respect Games app. It highlights their features, development progress, and the benefits they bring to organizations using these decentralized solutions.","In this blog post, we explore the emerging landscape of Fractal Apps, which are designed to enhance collective decision-making and governance within communities and organizations. We will delve into the functionalities and developments of key applications such as ORDAO, the Fractalgram web app, and the Respect Games platform. Each of these tools plays a significant role in facilitating decentralized governance and optimizing user engagement through innovative technology. Furthermore, we will provide recent updates on their development, showcasing how the Optimism Fractal community is pushing the boundaries of what is possible in decentralized systems. Join us as we uncover the transformative potential of these applications and their impact on community coordination and decision-making.","An overview of apps that make it easy to play the Respect Game, facilitate coordination, and cooperate with fractal governance within communities and organizations.",Yes,,
Fractalgram,"Firmament, Fractal App, ORDAO, OREC, Respect, Tools","Fractalgram is an innovative web application designed to facilitate community engagement through the Respect Game, offering both current features and a next-generation version that enhances user interaction and governance capabilities on Optimistic blockchains.","This blog post provides a comprehensive overview of Fractalgram, an innovative web application designed to facilitate community engagement through the Respect Game. The article discusses the current version of Fractalgram, its features, and the ongoing development of its next-generation app, which promises to enhance user experience with new functionalities. Readers will find insights into how Fractalgram integrates with various blockchain technologies, its open-source nature, and the collaborative efforts of its developers. Additionally, the post highlights resources for further exploration of Fractalgram and its impact on community decision-making and cooperation.",An innovative web app that helps communities play the Respect Game at community events or in asynchronous chats.,Yes,,
ORDAO,"Fractal App, OREC, Respect, Tools",ORDAO is an advanced set of EVM smart contracts designed to facilitate decentralized onchain governance and award distribution for the Optimism Fractal community. It enables community-driven decision-making through an innovative consent-based voting system and is currently deployed on the OP Mainnet.,"In this blog post, we delve into ORDAO, an innovative set of EVM smart contracts designed to facilitate a decentralized onchain governance system for Optimism Fractal and other communities. Developed by Tadas, ORDAO represents the next generation of governance software, aiming to enhance community engagement through an advanced consent-based voting system. We will explore the core components of ORDAO, including the Optimistic Respect-based Executive Contract (OREC), and discuss its deployment details, functionalities, and the potential impact on decentralized governance. This article serves as a comprehensive introduction to ORDAO, highlighting its key features and resources for further exploration.","An elegant set of EVM smart contracts that enable a powerful decentralized onchain governance system, which is proposed as the next generation of Optimism Fractal software.",Yes,,
Respect Games App,"Fractal App, Respect Game, Tools","The Respect Games app is an innovative platform under development that aims to enhance community governance and contribution tracking through blockchain technology. It offers features such as a user-friendly interface, peer-reviewed ranking systems, and customizable community pages, targeting a launch in September.","The blog post provides an in-depth overview of the Respect Games app, a groundbreaking platform currently under development that aims to revolutionize how communities engage in contribution tracking and governance. It highlights the app's key features, including its user-friendly interface, innovative ranking system, and integration of blockchain technology for transparency. The post also discusses the app's objectives, such as fostering peer evaluation, enhancing decision-making processes, and offering a fair reward distribution system. With a target launch in September, readers are encouraged to stay tuned for updates and further insights into this transformative app's capabilities.",A powerful app in development that enables any community or organization to easily play different kinds of Respect Games.,Yes,,
OREC,"Fractal App, ORDAO, Tools","The document discusses the Optimistic Respect-based Executive Contract (OREC), a smart contract designed to facilitate decentralized, consent-based decision-making within organizations or communities using non-transferrable reputation tokens. It outlines its purpose, mechanism, and the motivation behind its design, as well as introducing ORDAO, the next generation of Optimism Fractal software.","The blog post discusses the Optimistic Respect-based Executive Contract (OREC), a smart contract designed to facilitate decentralized decision-making within organizations or communities that utilize non-transferable reputation tokens, referred to as ""Respect"". It outlines the motivations behind OREC, its mechanisms for addressing voter apathy, and how it aims to empower community members to make collective decisions effectively. Additionally, the post introduces ORDAO, the next generation of software that incorporates OREC as its core decision-making framework. Readers will gain insights into how this innovative approach seeks to enhance governance within decentralized autonomous organizations (DAOs) and the broader implications for onchain actions.","The Optimistic Respect-based Executive Contract enables onchain, decentralized, consent-based decision-making within organizations or communities that use non-transferrable reputation tokens, such as Respect.",Yes,,
First Generation OPF Software,Tools,"This document provides an overview of the first generation of Optimism Fractal software developed by Optimystics, which includes an open-source toolset for the Respect Game. It highlights the features of the toolset and encourages community engagement through various resources.","In this blog post, we delve into the first generation of Optimism Fractal software, developed by Optimystics in late 2023. This software includes a comprehensive open-source toolset designed specifically for facilitating the Respect Game, a unique approach to community engagement and contribution. We explore the features of the toolset, its practical applications, and the benefits it brings to users. Additionally, we provide insight into how these tools empower individuals to collaborate effectively while having fun. Join us as we outline the capabilities of this innovative software and its role in shaping community dynamics.","An overview of the first generation of Optimism Fractal software developed by Optimystics in late 2023, which includes an open-source toolset designed for the Respect Game.",Yes,,
Optimism Fractal Hats Tree,"Fractalgram, Tools","The document discusses the Optimism Fractal Hats Tree, a project that won the grand prize at the Hats Protocol Hatathon, emphasizing its role in enhancing decision-making through programmable on-chain roles. It highlights the collaboration between Dan and Jacob Homanics in developing this project and outlines how users can claim hats based on their earned Respect.","In this blog post, we delve into the Optimism Fractal Hats Tree, a groundbreaking project that emerged as a co-winner of the inaugural Hats Protocol Hatathon. This innovative initiative enhances decision-making processes through the implementation of programmable on-chain roles, utilizing the concept of ""Respect"" within the community. We will explore the significance of this project, the collaborative efforts behind its creation, and how it provides new powers for participants in the Optimism Fractal ecosystem. Join us as we unpack the details of this remarkable achievement and its implications for future integrations with the Hats Protocol.","A look into the Optimism Fractal Hats Tree, highlighting its significance in enhancing decision-making through programmable on-chain roles with Respect.",Yes,,
Respect Trees,"Tools, contribution measurement, coordination, governance, impact evaluation","This document discusses Respect Trees, a fractal framework designed to enhance collective decision-making and resource allocation in decentralized communities. It outlines the framework's purpose, implementation process, and integration with tools like Notion and GitHub to foster democratic governance.","In this blog post, we explore the innovative concept of Respect Trees, a fractal framework designed to enhance collective decision-making in decentralized communities. This framework aims to streamline prioritization and resource allocation through a unique voting system that empowers community members. We delve into the mechanics of Respect Trees, highlighting their potential to transform governance structures within the Optimism Fractal ecosystem and beyond. Additionally, we discuss the integration of Respect Trees with popular platforms like Notion and GitHub, which further enhances their functionality and accessibility. Throughout the article, we provide insights into the benefits of using Respect Trees and how they can foster greater engagement, transparency, and adaptability in community governance.","A fractal framework designed to facilitate collective decision-making, set priorities, and allocate resources in decentralized communities.",Yes,,
Cagendas,"Optimism Town Hall, Respect, Respect Game, Tools, games, optopics, public goods games","Cagendas is a collaborative social coordination game designed to empower community members to propose, discuss, and vote on topics using reputation tokens. It aims to enhance democratic engagement and effective decision-making within communities, particularly during events like Optimism Town Hall.","In this blog post, we introduce Cagendas, an innovative social coordination game designed to enhance community engagement and collaborative agenda setting. Cagendas empowers community members to propose, discuss, and vote on crucial topics, fostering a democratic environment that values every voice. By utilizing reputation tokens, participants can actively influence the discussion topics at weekly events held at Optimism Town Hall. This post explores the game’s rules, development process, and various modes of play, highlighting its potential to revolutionize how communities prioritize discussions and make collective decisions. Join us as we delve into the exciting world of Cagendas and discover how you can get involved in shaping the future of community coordination.","A social coordination game for collaborative agenda setting that empowers community members to propose, discuss, and vote on topics with Respect",Yes,,
OPTOPICS,"Cagendas, Optimism Town Hall, Tools, games, public goods games",OPTOPICS is an innovative community agenda game designed to enhance discussions at the Optimism Town Hall by allowing participants to propose and vote on topics dynamically. It leverages the Respect framework to create a structured yet flexible environment for community engagement and decision-making.,"In this blog post, we introduce OPTOPICS, an innovative Cagendas game designed to enhance community engagement during events at Optimism Town Hall. OPTOPICS empowers participants to propose, vote on, and dynamically coordinate discussion topics, ensuring that the most relevant issues are addressed in real-time. By leveraging the principles of Respect from Optimism Fractal, this game promotes a more interactive and productive environment for discussions. We will explore the mechanics of how to play OPTOPICS, its developmental history, benefits, and how individuals can get involved in this collaborative community initiative.","An innovative Cagendas game that enables community members to propose, vote, and dynamically coordinate discussion topics during events. ",Yes,,
Optimism Fractal Council,Tools,The Optimism Fractal Council is an innovative governance body that leverages the principle of Respect to enhance collective decision-making and manage the Superchain through a fractal democracy approach.,"This blog post explores the Optimism Fractal Council, a groundbreaking governance structure designed to enhance collective decision-making through the principle of Respect. It delves into how this council aims to coordinate the Superchain using the innovative concept of fractal democracy, thereby fostering a more inclusive and participatory governance model. Readers will gain insights into the council's mission, its operational framework, and its significance in the broader context of decentralized governance.","A pioneering governance body that uses Respect to empower collective decision-making and coordinate the Superchain with fractal democracy. ",Yes,,https://optimismfractal.com/council
"Firmament ",Tools,"Firmament is an innovative system designed to empower communities through fractal cooperation, consensus games, and independent community computing infrastructure, utilizing technologies such as Git and IPFS. Currently in development, it aims to help communities achieve consensus and independence with minimal reliance on external infrastructure.","This blog post introduces Firmament, an innovative system designed to empower communities through fractal cooperation and consensus mechanisms. By leveraging technologies such as Git, blockchains, and IPFS, Firmament aims to facilitate independent community computing, allowing groups to reach consensus on essential information while minimizing reliance on external infrastructure. The post covers the project's development by Tadas Vaitiekunas, its relationship with the Ethereum Virtual Machine and Optimism, and provides a collection of valuable resources related to Firmament and its associated initiatives.","A system for empowering communities with fractal cooperation, consensus games, and independent community computing infrastructure using Git and IPFS",Yes,,
Cignals,Tools,"Cignals is an app in development aimed at helping communities engage in consensus games during live events, enhancing collaboration and understanding. The app allows flexible game rule creation and integrates with the concept of Respect, encouraging community participation and decision-making.","This blog post introduces Cignals, an innovative competition app currently in development aimed at enhancing community engagement through consensus games. It highlights the app's potential to facilitate better understanding and cooperation among participants at live events, such as ranking speeches and musical performances. The post outlines the app's features, including its flexible game rule configurations and integration with Respect, a soulbound token that players can earn. Additionally, it discusses the successful pilot programs conducted using Cignals and the promising feedback received from participants. The article serves as a comprehensive overview of the app's capabilities and future developments, inviting readers to explore how Cignals can empower communities.","A competition app in development to help communities play consensus games at live events with Respect, such as ranking speeches and musical performances!",Yes,,
Inspirations for our Software Design,Tools,"This document outlines the inspirations behind the Optimism Fractal software, highlighting innovative concepts and projects that have influenced its design. It emphasizes the importance of collective decision-making and provides links to related resources and websites for further exploration.","In this blog post, we explore the various inspirations behind the design of our software at Optimism Fractal. We delve into the innovative concepts and projects that have shaped our vision, highlighting how they contribute to our mission of fostering a more equitable society. This overview not only showcases the foundational ideas that drive our work but also invites readers to engage with the resources and communities that align with our goals. Join us as we navigate through these inspirations and consider how they pave the way for the future of collective decision-making and fractal democracy.",An overview innovative concepts and projects that inspired Optimism Fractal software.,Yes,,
Optimism Fractal Development Hub,"Fractal App, Fractalgram, ORDAO, OREC, Respect Game, Respect Games App, Tools, op fractal stack","The Optimism Fractal Development Hub is a collaborative space and educational resource designed for developers interested in building with the Optimism Fractal. It offers access to projects, tasks, and various resources to facilitate technical development and community engagement.","In this blog post, we introduce the Optimism Fractal Development Hub, a collaborative space designed to support developers interested in creating with Optimism Fractal. This hub serves as an educational resource, offering a variety of projects, tasks, and essential information for developers. We discuss the importance of community involvement, the opportunities available for contribution, and the resources provided within the hub. Additionally, we outline the potential funding opportunities for developers who make a positive impact on the Optimism Collective. Join us as we explore how you can engage with this vibrant community and contribute to the exciting developments happening within the Optimism Fractal ecosystem.","A collaborative space and educational resource for developers who are interested in building with Optimism Fractal. It includes projects, tasks, and info related to Optimism Fractal development.",Yes,,
Audits,"ORDAO, OREC, Tools","This document provides an overview of the current status of audits for Optimism Fractal's open-source applications and protocols, detailing ongoing audits, potential future audits, and the importance of ensuring software security as the community grows.","This blog post provides a comprehensive overview of the current audit status for Optimism Fractal’s open-source applications and protocols. It discusses the importance of conducting audits to ensure the security and reliability of the software being developed by the Optimism Fractal community. The post outlines the existing audit processes, potential upcoming audits, and the communication efforts made by the team to encourage participation in the auditing cycle. Additionally, it highlights the integration of the Hats Protocol and the use of Snapshot as a governance tool within the community. Overall, this post aims to inform readers about the proactive measures being taken to enhance the security and functionality of Optimism Fractal's software.",An overview of the current status of audits for Optimism Fractal’s open-source applications and protocols.,Yes,,