﻿Name,Tags,Description
Ethereum Fractal,Events and Shows,A community with weekly meetings using the Respect Game to grow Ethereum. Built on the OP Mainnet and attracting innovators from throughout Ethereum.
Community Stories,Events and Shows,"An innovative show exploring perspectives about communities, social structures and more"
Fractal Apple/Sunny Show,Events and Shows,An educational and musical live show about public goods in Optimism
OP TV,Events and Shows,A weekly show featuring the top news and entertainment in the Optimism Collective
Creator Talk,Events and Shows,"A talk show about creativity, collaboration, and Optimism"
Optimism Town Hall,Events and Shows,An open community forum and interactive show featuring the latest news and innovations in the Optimism Collective
Optimism Fractal,Events and Shows,A community dedicated to fostering collaboration and awarding public goods creators in the Optimism Collective.
Eden Fractal,Events and Shows,A community pioneering coordination games and fractal democracy